dt_package;country;service;liter;qty
2024-12-01;AZ;NRM;A;786.0
2024-12-01;AZ;NRM;B;1338.0
2024-12-01;AZ;NRM;C;406.0
2024-12-01;AZ;NRM;D;144.0
2024-12-01;AZ;NRM;E;21.0
2024-12-01;AZ;NRM;F;1.0
2024-12-01;AZ;NRM;G;1.0
2024-12-01;BY;NRM;A;6232.0
2024-12-01;BY;NRM;B;5078.0
2024-12-01;BY;NRM;C;296.0
2024-12-01;BY;NRM;D;106.0
2024-12-01;BY;NRM;E;5.0
2024-12-01;KG;NRM;A;371.0
2024-12-01;KG;NRM;B;404.0
2024-12-01;KG;NRM;C;97.0
2024-12-01;KG;NRM;D;28.0
2024-12-01;KG;NRM;E;1.0
2024-12-02;AZ;NRM;A;270.0
2024-12-02;AZ;NRM;B;475.0
2024-12-02;AZ;NRM;C;141.0
2024-12-02;AZ;NRM;D;44.0
2024-12-02;AZ;NRM;E;6.0
2024-12-02;BY;NRM;A;2191.0
2024-12-02;BY;NRM;B;1753.0
2024-12-02;BY;NRM;C;126.0
2024-12-02;BY;NRM;D;37.0
2024-12-02;BY;NRM;E;5.0
2024-12-02;BY;NRM;F;1.0
2024-12-02;KG;NRM;A;132.0
2024-12-02;KG;NRM;B;141.0
2024-12-02;KG;NRM;C;26.0
2024-12-02;KG;NRM;D;13.0
2024-12-02;KG;NRM;E;1.0
2024-12-03;AZ;NRM;A;136.0
2024-12-03;AZ;NRM;B;244.0
2024-12-03;AZ;NRM;C;68.0
2024-12-03;AZ;NRM;D;22.0
2024-12-03;AZ;NRM;E;1.0
2024-12-03;BY;NRM;A;720.0
2024-12-03;BY;NRM;B;654.0
2024-12-03;BY;NRM;C;31.0
2024-12-03;BY;NRM;D;7.0
2024-12-03;BY;NRM;E;1.0
2024-12-03;KG;NRM;A;42.0
2024-12-03;KG;NRM;B;56.0
2024-12-03;KG;NRM;C;15.0
2024-12-03;KG;NRM;D;3.0
2024-12-03;KG;NRM;E;1.0
2024-12-04;AZ;NRM;A;360.0
2024-12-04;AZ;NRM;B;682.0
2024-12-04;AZ;NRM;C;175.0
2024-12-04;AZ;NRM;D;52.0
2024-12-04;AZ;NRM;E;3.0
2024-12-04;BY;NRM;A;2420.0
2024-12-04;BY;NRM;B;2079.0
2024-12-04;BY;NRM;C;126.0
2024-12-04;BY;NRM;D;27.0
2024-12-04;BY;NRM;E;4.0
2024-12-04;KG;NRM;A;146.0
2024-12-04;KG;NRM;B;177.0
2024-12-04;KG;NRM;C;42.0
2024-12-04;KG;NRM;D;17.0
2024-12-04;KG;NRM;E;1.0
2024-12-05;AZ;NRM;A;391.0
2024-12-05;AZ;NRM;B;827.0
2024-12-05;AZ;NRM;C;204.0
2024-12-05;AZ;NRM;D;88.0
2024-12-05;AZ;NRM;E;12.0
2024-12-05;BY;NRM;A;2750.0
2024-12-05;BY;NRM;B;2333.0
2024-12-05;BY;NRM;C;148.0
2024-12-05;BY;NRM;D;30.0
2024-12-05;BY;NRM;E;3.0
2024-12-05;KG;NRM;A;164.0
2024-12-05;KG;NRM;B;237.0
2024-12-05;KG;NRM;C;54.0
2024-12-05;KG;NRM;D;22.0
2024-12-05;KG;NRM;E;1.0
2024-12-06;AZ;NRM;A;457.0
2024-12-06;AZ;NRM;B;693.0
2024-12-06;AZ;NRM;C;174.0
2024-12-06;AZ;NRM;D;68.0
2024-12-06;AZ;NRM;E;6.0
2024-12-06;AZ;NRM;F;1.0
2024-12-06;BY;NRM;A;3265.0
2024-12-06;BY;NRM;B;2391.0
2024-12-06;BY;NRM;C;119.0
2024-12-06;BY;NRM;D;41.0
2024-12-06;BY;NRM;E;3.0
2024-12-06;BY;NRM;F;1.0
2024-12-06;KG;NRM;A;273.0
2024-12-06;KG;NRM;B;215.0
2024-12-06;KG;NRM;C;57.0
2024-12-06;KG;NRM;D;17.0
2024-12-06;KG;NRM;E;1.0
2024-12-08;AZ;NRM;A;719.0
2024-12-08;AZ;NRM;B;1251.0
2024-12-08;AZ;NRM;C;358.0
2024-12-08;AZ;NRM;D;128.0
2024-12-08;AZ;NRM;E;20.0
2024-12-08;AZ;NRM;F;1.0
2024-12-08;BY;NRM;A;4089.0
2024-12-08;BY;NRM;B;3527.0
2024-12-08;BY;NRM;C;205.0
2024-12-08;BY;NRM;D;63.0
2024-12-08;BY;NRM;E;6.0
2024-12-08;KG;NRM;A;373.0
2024-12-08;KG;NRM;B;403.0
2024-12-08;KG;NRM;C;97.0
2024-12-08;KG;NRM;D;38.0
2024-12-08;KG;NRM;E;4.0
2024-12-09;AZ;NRM;A;319.0
2024-12-09;AZ;NRM;B;658.0
2024-12-09;AZ;NRM;C;173.0
2024-12-09;AZ;NRM;D;67.0
2024-12-09;AZ;NRM;E;7.0
2024-12-09;AZ;NRM;F;3.0
2024-12-09;BY;NRM;A;2019.0
2024-12-09;BY;NRM;B;1749.0
2024-12-09;BY;NRM;C;97.0
2024-12-09;BY;NRM;D;22.0
2024-12-09;BY;NRM;E;1.0
2024-12-09;KG;NRM;A;165.0
2024-12-09;KG;NRM;B;209.0
2024-12-09;KG;NRM;C;45.0
2024-12-09;KG;NRM;D;11.0
2024-12-09;KG;NRM;E;1.0
2024-12-10;AZ;NRM;A;144.0
2024-12-10;AZ;NRM;B;226.0
2024-12-10;AZ;NRM;C;73.0
2024-12-10;AZ;NRM;D;40.0
2024-12-10;AZ;NRM;E;1.0
2024-12-10;BY;NRM;A;517.0
2024-12-10;BY;NRM;B;545.0
2024-12-10;BY;NRM;C;31.0
2024-12-10;BY;NRM;D;3.0
2024-12-10;BY;NRM;E;1.0
2024-12-10;KG;NRM;A;61.0
2024-12-10;KG;NRM;B;89.0
2024-12-10;KG;NRM;C;19.0
2024-12-10;KG;NRM;D;7.0
2024-12-11;AZ;NRM;A;365.0
2024-12-11;AZ;NRM;B;614.0
2024-12-11;AZ;NRM;C;173.0
2024-12-11;AZ;NRM;D;69.0
2024-12-11;AZ;NRM;E;2.0
2024-12-11;BY;NRM;A;2409.0
2024-12-11;BY;NRM;B;1903.0
2024-12-11;BY;NRM;C;93.0
2024-12-11;BY;NRM;D;24.0
2024-12-11;BY;NRM;E;2.0
2024-12-11;KG;NRM;A;174.0
2024-12-11;KG;NRM;B;237.0
2024-12-11;KG;NRM;C;43.0
2024-12-11;KG;NRM;D;13.0
2024-12-11;KG;NRM;E;2.0
2024-12-11;KG;NRM;G;1.0
2024-12-12;AZ;NRM;A;223.0
2024-12-12;AZ;NRM;B;404.0
2024-12-12;AZ;NRM;C;101.0
2024-12-12;AZ;NRM;D;29.0
2024-12-12;AZ;NRM;E;2.0
2024-12-12;BY;NRM;A;1341.0
2024-12-12;BY;NRM;B;1008.0
2024-12-12;BY;NRM;C;50.0
2024-12-12;BY;NRM;D;4.0
2024-12-12;BY;NRM;E;2.0
2024-12-12;BY;NRM;G;1.0
2024-12-12;KG;NRM;A;108.0
2024-12-12;KG;NRM;B;117.0
2024-12-12;KG;NRM;C;24.0
2024-12-12;KG;NRM;D;4.0
2024-12-13;AZ;NRM;A;229.0
2024-12-13;AZ;NRM;B;428.0
2024-12-13;AZ;NRM;C;101.0
2024-12-13;AZ;NRM;D;41.0
2024-12-13;AZ;NRM;E;7.0
2024-12-13;BY;NRM;A;1490.0
2024-12-13;BY;NRM;B;1235.0
2024-12-13;BY;NRM;C;80.0
2024-12-13;BY;NRM;D;10.0
2024-12-13;BY;NRM;E;1.0
2024-12-13;KG;NRM;A;107.0
2024-12-13;KG;NRM;B;135.0
2024-12-13;KG;NRM;C;17.0
2024-12-13;KG;NRM;D;12.0
2024-12-15;AZ;NRM;A;567.0
2024-12-15;AZ;NRM;B;938.0
2024-12-15;AZ;NRM;C;294.0
2024-12-15;AZ;NRM;D;79.0
2024-12-15;AZ;NRM;E;12.0
2024-12-15;AZ;NRM;F;1.0
2024-12-15;BY;NRM;A;3479.0
2024-12-15;BY;NRM;B;2875.0
2024-12-15;BY;NRM;C;144.0
2024-12-15;BY;NRM;D;29.0
2024-12-15;BY;NRM;E;4.0
2024-12-15;KG;NRM;A;217.0
2024-12-15;KG;NRM;B;274.0
2024-12-15;KG;NRM;C;53.0
2024-12-15;KG;NRM;D;19.0
2024-12-15;KG;NRM;E;4.0
2024-12-15;KG;NRM;F;1.0
2024-12-16;AZ;NRM;A;171.0
2024-12-16;AZ;NRM;B;308.0
2024-12-16;AZ;NRM;C;86.0
2024-12-16;AZ;NRM;D;36.0
2024-12-16;AZ;NRM;E;2.0
2024-12-16;BY;NRM;A;1476.0
2024-12-16;BY;NRM;B;1181.0
2024-12-16;BY;NRM;C;73.0
2024-12-16;BY;NRM;D;12.0
2024-12-16;BY;NRM;E;1.0
2024-12-16;BY;NRM;F;1.0
2024-12-16;KG;NRM;A;85.0
2024-12-16;KG;NRM;B;101.0
2024-12-16;KG;NRM;C;23.0
2024-12-16;KG;NRM;D;5.0
2024-12-16;KG;NRM;E;1.0
2024-12-19;AZ;NRM;A;585.0
2024-12-19;AZ;NRM;B;1075.0
2024-12-19;AZ;NRM;C;291.0
2024-12-19;AZ;NRM;D;115.0
2024-12-19;AZ;NRM;E;16.0
2024-12-19;AZ;NRM;F;1.0
2024-12-19;BY;NRM;A;4161.0
2024-12-19;BY;NRM;B;3858.0
2024-12-19;BY;NRM;C;215.0
2024-12-19;BY;NRM;D;37.0
2024-12-19;BY;NRM;E;5.0
2024-12-19;BY;NRM;G;1.0
2024-12-19;KG;NRM;A;289.0
2024-12-19;KG;NRM;B;386.0
2024-12-19;KG;NRM;C;75.0
2024-12-19;KG;NRM;D;23.0
2024-12-19;KG;NRM;E;2.0
2024-12-19;KG;NRM;F;2.0
2024-12-20;AZ;NRM;A;208.0
2024-12-20;AZ;NRM;B;334.0
2024-12-20;AZ;NRM;C;99.0
2024-12-20;AZ;NRM;D;35.0
2024-12-20;AZ;NRM;E;2.0
2024-12-20;AZ;NRM;F;1.0
2024-12-20;BY;NRM;A;2570.0
2024-12-20;BY;NRM;B;1890.0
2024-12-20;BY;NRM;C;107.0
2024-12-20;BY;NRM;D;23.0
2024-12-20;BY;NRM;E;2.0
2024-12-20;KG;NRM;A;151.0
2024-12-20;KG;NRM;B;160.0
2024-12-20;KG;NRM;C;27.0
2024-12-20;KG;NRM;D;21.0
2024-12-20;KG;NRM;E;5.0
2024-12-22;AZ;NRM;A;473.0
2024-12-22;AZ;NRM;B;767.0
2024-12-22;AZ;NRM;C;185.0
2024-12-22;AZ;NRM;D;62.0
2024-12-22;AZ;NRM;E;5.0
2024-12-22;BY;NRM;A;3519.0
2024-12-22;BY;NRM;B;3015.0
2024-12-22;BY;NRM;C;161.0
2024-12-22;BY;NRM;D;30.0
2024-12-22;BY;NRM;E;3.0
2024-12-22;KG;NRM;A;213.0
2024-12-22;KG;NRM;B;306.0
2024-12-22;KG;NRM;C;48.0
2024-12-22;KG;NRM;D;21.0
2024-12-22;KG;NRM;E;3.0
2024-12-23;AZ;NRM;A;216.0
2024-12-23;AZ;NRM;B;328.0
2024-12-23;AZ;NRM;C;114.0
2024-12-23;AZ;NRM;D;26.0
2024-12-23;AZ;NRM;E;7.0
2024-12-23;BY;NRM;A;1667.0
2024-12-23;BY;NRM;B;1320.0
2024-12-23;BY;NRM;C;66.0
2024-12-23;BY;NRM;D;18.0
2024-12-23;BY;NRM;E;1.0
2024-12-23;KG;NRM;A;100.0
2024-12-23;KG;NRM;B;83.0
2024-12-23;KG;NRM;C;32.0
2024-12-23;KG;NRM;D;15.0
2024-12-23;KG;NRM;E;1.0
2024-12-25;AZ;NRM;A;374.0
2024-12-25;AZ;NRM;B;624.0
2024-12-25;AZ;NRM;C;167.0
2024-12-25;AZ;NRM;D;70.0
2024-12-25;AZ;NRM;E;10.0
2024-12-25;AZ;NRM;G;1.0
2024-12-25;BY;NRM;A;3108.0
2024-12-25;BY;NRM;B;2552.0
2024-12-25;BY;NRM;C;139.0
2024-12-25;BY;NRM;D;26.0
2024-12-25;BY;NRM;E;4.0
2024-12-25;KG;NRM;A;184.0
2024-12-25;KG;NRM;B;200.0
2024-12-25;KG;NRM;C;40.0
2024-12-25;KG;NRM;D;16.0
2024-12-25;KG;NRM;E;5.0
2024-12-26;AZ;NRM;A;194.0
2024-12-26;AZ;NRM;B;311.0
2024-12-26;AZ;NRM;C;64.0
2024-12-26;AZ;NRM;D;21.0
2024-12-26;AZ;NRM;E;1.0
2024-12-26;BY;NRM;A;1532.0
2024-12-26;BY;NRM;B;1090.0
2024-12-26;BY;NRM;C;53.0
2024-12-26;BY;NRM;D;14.0
2024-12-26;BY;NRM;E;2.0
2024-12-26;KG;NRM;A;83.0
2024-12-26;KG;NRM;B;102.0
2024-12-26;KG;NRM;C;19.0
2024-12-26;KG;NRM;D;9.0
2024-12-26;KG;NRM;E;1.0
2024-12-27;AZ;NRM;A;227.0
2024-12-27;AZ;NRM;B;316.0
2024-12-27;AZ;NRM;C;78.0
2024-12-27;AZ;NRM;D;33.0
2024-12-27;AZ;NRM;E;4.0
2024-12-27;BY;NRM;A;1764.0
2024-12-27;BY;NRM;B;1430.0
2024-12-27;BY;NRM;C;73.0
2024-12-27;BY;NRM;D;10.0
2024-12-27;BY;NRM;E;4.0
2024-12-27;KG;NRM;A;70.0
2024-12-27;KG;NRM;B;95.0
2024-12-27;KG;NRM;C;12.0
2024-12-27;KG;NRM;D;5.0
2024-12-29;AZ;NRM;A;420.0
2024-12-29;AZ;NRM;B;671.0
2024-12-29;AZ;NRM;C;180.0
2024-12-29;AZ;NRM;D;76.0
2024-12-29;AZ;NRM;E;9.0
2024-12-29;BY;NRM;A;3376.0
2024-12-29;BY;NRM;B;2775.0
2024-12-29;BY;NRM;C;154.0
2024-12-29;BY;NRM;D;37.0
2024-12-29;KG;NRM;A;185.0
2024-12-29;KG;NRM;B;204.0
2024-12-29;KG;NRM;C;41.0
2024-12-29;KG;NRM;D;17.0
2024-12-29;KG;NRM;F;1.0
2024-12-30;AZ;NRM;A;153.0
2024-12-30;AZ;NRM;B;294.0
2024-12-30;AZ;NRM;C;84.0
2024-12-30;AZ;NRM;D;24.0
2024-12-30;AZ;NRM;E;4.0
2024-12-30;BY;NRM;A;1401.0
2024-12-30;BY;NRM;B;1242.0
2024-12-30;BY;NRM;C;63.0
2024-12-30;BY;NRM;D;17.0
2024-12-30;BY;NRM;E;3.0
2024-12-30;KG;NRM;A;84.0
2024-12-30;KG;NRM;B;99.0
2024-12-30;KG;NRM;C;28.0
2024-12-30;KG;NRM;D;5.0
2025-01-01;AZ;NRM;A;396.0
2025-01-01;AZ;NRM;B;594.0
2025-01-01;AZ;NRM;C;146.0
2025-01-01;AZ;NRM;D;57.0
2025-01-01;AZ;NRM;E;9.0
2025-01-01;AZ;NRM;F;1.0
2025-01-01;BY;NRM;A;3002.0
2025-01-01;BY;NRM;B;2437.0
2025-01-01;BY;NRM;C;106.0
2025-01-01;BY;NRM;D;34.0
2025-01-01;BY;NRM;E;6.0
2025-01-01;KG;NRM;A;196.0
2025-01-01;KG;NRM;B;228.0
2025-01-01;KG;NRM;C;35.0
2025-01-01;KG;NRM;D;14.0
2025-01-01;KG;NRM;E;4.0
2025-01-03;AZ;NRM;A;383.0
2025-01-03;AZ;NRM;B;566.0
2025-01-03;AZ;NRM;C;176.0
2025-01-03;AZ;NRM;D;49.0
2025-01-03;AZ;NRM;E;4.0
2025-01-03;AZ;NRM;G;1.0
2025-01-03;BY;NRM;A;3493.0
2025-01-03;BY;NRM;B;2409.0
2025-01-03;BY;NRM;C;126.0
2025-01-03;BY;NRM;D;23.0
2025-01-03;KG;NRM;A;199.0
2025-01-03;KG;NRM;B;222.0
2025-01-03;KG;NRM;C;34.0
2025-01-03;KG;NRM;D;8.0
2025-01-03;KG;NRM;E;1.0
2025-01-05;AZ;NRM;A;433.0
2025-01-05;AZ;NRM;B;637.0
2025-01-05;AZ;NRM;C;155.0
2025-01-05;AZ;NRM;D;54.0
2025-01-05;AZ;NRM;E;4.0
2025-01-05;AZ;NRM;G;2.0
2025-01-05;BY;NRM;A;2529.0
2025-01-05;BY;NRM;B;2074.0
2025-01-05;BY;NRM;C;133.0
2025-01-05;BY;NRM;D;19.0
2025-01-05;BY;NRM;E;2.0
2025-01-05;KG;NRM;A;195.0
2025-01-05;KG;NRM;B;205.0
2025-01-05;KG;NRM;C;44.0
2025-01-05;KG;NRM;D;7.0
2025-01-05;KG;NRM;E;1.0
2025-01-06;AZ;NRM;A;267.0
2025-01-06;AZ;NRM;B;389.0
2025-01-06;AZ;NRM;C;98.0
2025-01-06;AZ;NRM;D;45.0
2025-01-06;AZ;NRM;E;4.0
2025-01-06;BY;NRM;A;1792.0
2025-01-06;BY;NRM;B;1322.0
2025-01-06;BY;NRM;C;59.0
2025-01-06;BY;NRM;D;18.0
2025-01-06;KG;NRM;A;105.0
2025-01-06;KG;NRM;B;138.0
2025-01-06;KG;NRM;C;19.0
2025-01-06;KG;NRM;D;10.0
2025-01-08;AZ;NRM;A;543.0
2025-01-08;AZ;NRM;B;882.0
2025-01-08;AZ;NRM;C;230.0
2025-01-08;AZ;NRM;D;72.0
2025-01-08;AZ;NRM;E;3.0
2025-01-08;AZ;NRM;F;1.0
2025-01-08;BY;NRM;A;4292.0
2025-01-08;BY;NRM;B;3196.0
2025-01-08;BY;NRM;C;173.0
2025-01-08;BY;NRM;D;44.0
2025-01-08;BY;NRM;E;5.0
2025-01-08;KG;NRM;A;241.0
2025-01-08;KG;NRM;B;268.0
2025-01-08;KG;NRM;C;54.0
2025-01-08;KG;NRM;D;24.0
2025-01-10;AZ;NRM;A;614.0
2025-01-10;AZ;NRM;B;1022.0
2025-01-10;AZ;NRM;C;260.0
2025-01-10;AZ;NRM;D;77.0
2025-01-10;AZ;NRM;E;7.0
2025-01-10;AZ;NRM;F;3.0
2025-01-10;BY;NRM;A;4839.0
2025-01-10;BY;NRM;B;3650.0
2025-01-10;BY;NRM;C;201.0
2025-01-10;BY;NRM;D;44.0
2025-01-10;BY;NRM;E;7.0
2025-01-10;BY;NRM;F;1.0
2025-01-10;KG;NRM;A;258.0
2025-01-10;KG;NRM;B;318.0
2025-01-10;KG;NRM;C;55.0
2025-01-10;KG;NRM;D;13.0
2025-01-10;KG;NRM;E;3.0
2025-01-12;AZ;NRM;A;660.0
2025-01-12;AZ;NRM;B;1038.0
2025-01-12;AZ;NRM;C;294.0
2025-01-12;AZ;NRM;D;123.0
2025-01-12;AZ;NRM;E;6.0
2025-01-12;AZ;NRM;F;1.0
2025-01-12;AZ;NRM;G;1.0
2025-01-12;BY;NRM;A;4435.0
2025-01-12;BY;NRM;B;3634.0
2025-01-12;BY;NRM;C;202.0
2025-01-12;BY;NRM;D;42.0
2025-01-12;BY;NRM;E;3.0
2025-01-12;KG;NRM;A;269.0
2025-01-12;KG;NRM;B;324.0
2025-01-12;KG;NRM;C;57.0
2025-01-12;KG;NRM;D;22.0
2025-01-12;KG;NRM;E;1.0
2025-01-12;KG;NRM;G;1.0
2025-01-13;AZ;NRM;A;263.0
2025-01-13;AZ;NRM;B;409.0
2025-01-13;AZ;NRM;C;122.0
2025-01-13;AZ;NRM;D;47.0
2025-01-13;AZ;NRM;E;3.0
2025-01-13;BY;NRM;A;2022.0
2025-01-13;BY;NRM;B;1494.0
2025-01-13;BY;NRM;C;99.0
2025-01-13;BY;NRM;D;25.0
2025-01-13;BY;NRM;E;2.0
2025-01-13;KG;NRM;A;99.0
2025-01-13;KG;NRM;B;138.0
2025-01-13;KG;NRM;C;20.0
2025-01-13;KG;NRM;D;7.0
2025-01-13;KG;NRM;E;1.0
2025-01-15;AZ;NRM;A;492.0
2025-01-15;AZ;NRM;B;768.0
2025-01-15;AZ;NRM;C;180.0
2025-01-15;AZ;NRM;D;80.0
2025-01-15;AZ;NRM;E;8.0
2025-01-15;AZ;NRM;F;2.0
2025-01-15;BY;NRM;A;3844.0
2025-01-15;BY;NRM;B;2951.0
2025-01-15;BY;NRM;C;156.0
2025-01-15;BY;NRM;D;26.0
2025-01-15;BY;NRM;E;3.0
2025-01-15;KG;NRM;A;209.0
2025-01-15;KG;NRM;B;274.0
2025-01-15;KG;NRM;C;43.0
2025-01-15;KG;NRM;D;23.0
2025-01-15;KG;NRM;E;3.0
2025-01-17;AZ;NRM;A;532.0
2025-01-17;AZ;NRM;B;795.0
2025-01-17;AZ;NRM;C;184.0
2025-01-17;AZ;NRM;D;67.0
2025-01-17;AZ;NRM;E;13.0
2025-01-17;AZ;NRM;F;1.0
2025-01-17;BY;NRM;A;4998.0
2025-01-17;BY;NRM;B;3680.0
2025-01-17;BY;NRM;C;208.0
2025-01-17;BY;NRM;D;39.0
2025-01-17;BY;NRM;E;4.0
2025-01-17;KG;NRM;A;274.0
2025-01-17;KG;NRM;B;295.0
2025-01-17;KG;NRM;C;55.0
2025-01-17;KG;NRM;D;13.0
2025-01-17;KG;NRM;E;1.0
2025-01-19;AZ;NRM;A;513.0
2025-01-19;AZ;NRM;B;753.0
2025-01-19;AZ;NRM;C;215.0
2025-01-19;AZ;NRM;D;70.0
2025-01-19;AZ;NRM;E;7.0
2025-01-19;AZ;NRM;F;1.0
2025-01-19;AZ;NRM;G;1.0
2025-01-19;BY;NRM;A;4566.0
2025-01-19;BY;NRM;B;3304.0
2025-01-19;BY;NRM;C;179.0
2025-01-19;BY;NRM;D;37.0
2025-01-19;BY;NRM;E;4.0
2025-01-19;KG;NRM;A;266.0
2025-01-19;KG;NRM;B;300.0
2025-01-19;KG;NRM;C;51.0
2025-01-19;KG;NRM;D;15.0
2025-01-19;KG;NRM;E;1.0
2025-01-20;AZ;NRM;A;193.0
2025-01-20;AZ;NRM;B;319.0
2025-01-20;AZ;NRM;C;95.0
2025-01-20;AZ;NRM;D;31.0
2025-01-20;AZ;NRM;E;1.0
2025-01-20;BY;NRM;A;1495.0
2025-01-20;BY;NRM;B;1278.0
2025-01-20;BY;NRM;C;62.0
2025-01-20;BY;NRM;D;15.0
2025-01-20;BY;NRM;E;1.0
2025-01-20;KG;NRM;A;92.0
2025-01-20;KG;NRM;B;120.0
2025-01-20;KG;NRM;C;28.0
2025-01-20;KG;NRM;D;6.0
2025-01-20;KG;NRM;E;1.0
2025-01-22;AZ;NRM;A;422.0
2025-01-22;AZ;NRM;B;697.0
2025-01-22;AZ;NRM;C;157.0
2025-01-22;AZ;NRM;D;52.0
2025-01-22;AZ;NRM;E;7.0
2025-01-22;AZ;NRM;G;1.0
2025-01-22;BY;NRM;A;4153.0
2025-01-22;BY;NRM;B;2904.0
2025-01-22;BY;NRM;C;138.0
2025-01-22;BY;NRM;D;39.0
2025-01-22;KG;NRM;A;272.0
2025-01-22;KG;NRM;B;250.0
2025-01-22;KG;NRM;C;53.0
2025-01-22;KG;NRM;D;13.0
2025-01-24;AZ;NRM;A;412.0
2025-01-24;AZ;NRM;B;700.0
2025-01-24;AZ;NRM;C;162.0
2025-01-24;AZ;NRM;D;45.0
2025-01-24;AZ;NRM;E;3.0
2025-01-24;AZ;NRM;F;1.0
2025-01-24;BY;NRM;A;4296.0
2025-01-24;BY;NRM;B;3337.0
2025-01-24;BY;NRM;C;145.0
2025-01-24;BY;NRM;D;33.0
2025-01-24;BY;NRM;E;4.0
2025-01-24;BY;NRM;F;1.0
2025-01-24;KG;NRM;A;191.0
2025-01-24;KG;NRM;B;257.0
2025-01-24;KG;NRM;C;43.0
2025-01-24;KG;NRM;D;32.0
2025-01-26;AZ;NRM;A;477.0
2025-01-26;AZ;NRM;B;692.0
2025-01-26;AZ;NRM;C;187.0
2025-01-26;AZ;NRM;D;70.0
2025-01-26;AZ;NRM;E;8.0
2025-01-26;BY;NRM;A;5963.0
2025-01-26;BY;NRM;B;4100.0
2025-01-26;BY;NRM;C;204.0
2025-01-26;BY;NRM;D;54.0
2025-01-26;BY;NRM;E;5.0
2025-01-26;BY;NRM;F;1.0
2025-01-26;KG;NRM;A;249.0
2025-01-26;KG;NRM;B;275.0
2025-01-26;KG;NRM;C;58.0
2025-01-26;KG;NRM;D;18.0
2025-01-31;AZ;NRM;A;527.0
2025-01-31;AZ;NRM;B;948.0
2025-01-31;AZ;NRM;C;227.0
2025-01-31;AZ;NRM;D;83.0
2025-01-31;AZ;NRM;E;10.0
2025-01-31;AZ;NRM;G;1.0
2025-01-31;BY;NRM;A;5627.0
2025-01-31;BY;NRM;B;4396.0
2025-01-31;BY;NRM;C;221.0
2025-01-31;BY;NRM;D;44.0
2025-01-31;BY;NRM;E;4.0
2025-01-31;KG;NRM;A;294.0
2025-01-31;KG;NRM;B;330.0
2025-01-31;KG;NRM;C;65.0
2025-01-31;KG;NRM;D;24.0
2025-01-31;KG;NRM;E;1.0
2025-02-02;AZ;NRM;A;298.0
2025-02-02;AZ;NRM;B;475.0
2025-02-02;AZ;NRM;C;123.0
2025-02-02;AZ;NRM;D;43.0
2025-02-02;AZ;NRM;E;7.0
2025-02-02;BY;NRM;A;4745.0
2025-02-02;BY;NRM;B;3392.0
2025-02-02;BY;NRM;C;171.0
2025-02-02;BY;NRM;D;28.0
2025-02-02;BY;NRM;E;6.0
2025-02-02;KG;NRM;A;181.0
2025-02-02;KG;NRM;B;217.0
2025-02-02;KG;NRM;C;47.0
2025-02-02;KG;NRM;D;23.0
2025-02-02;KG;NRM;E;1.0
2025-02-03;AZ;NRM;A;105.0
2025-02-03;AZ;NRM;B;223.0
2025-02-03;AZ;NRM;C;52.0
2025-02-03;AZ;NRM;D;6.0
2025-02-03;AZ;NRM;E;1.0
2025-02-03;BY;NRM;A;1893.0
2025-02-03;BY;NRM;B;1494.0
2025-02-03;BY;NRM;C;77.0
2025-02-03;BY;NRM;D;22.0
2025-02-03;KG;NRM;A;108.0
2025-02-03;KG;NRM;B;120.0
2025-02-03;KG;NRM;C;25.0
2025-02-03;KG;NRM;D;6.0
2025-02-03;KG;NRM;E;1.0
2025-02-05;AZ;NRM;A;93.0
2025-02-05;AZ;NRM;B;210.0
2025-02-05;AZ;NRM;C;56.0
2025-02-05;AZ;NRM;D;8.0
2025-02-05;AZ;NRM;E;1.0
2025-02-05;BY;NRM;A;2812.0
2025-02-05;BY;NRM;B;1933.0
2025-02-05;BY;NRM;C;94.0
2025-02-05;BY;NRM;D;15.0
2025-02-05;KG;NRM;A;160.0
2025-02-05;KG;NRM;B;144.0
2025-02-05;KG;NRM;C;30.0
2025-02-05;KG;NRM;D;5.0
2025-02-07;AZ;NRM;A;289.0
2025-02-07;AZ;NRM;B;434.0
2025-02-07;AZ;NRM;C;105.0
2025-02-07;AZ;NRM;D;35.0
2025-02-07;AZ;NRM;E;1.0
2025-02-07;BY;NRM;A;3733.0
2025-02-07;BY;NRM;B;2351.0
2025-02-07;BY;NRM;C;116.0
2025-02-07;BY;NRM;D;18.0
2025-02-07;KG;NRM;A;178.0
2025-02-07;KG;NRM;B;151.0
2025-02-07;KG;NRM;C;42.0
2025-02-07;KG;NRM;D;13.0
2025-02-07;KG;NRM;E;1.0
2025-02-07;KG;NRM;F;1.0
2025-02-09;AZ;NRM;A;672.0
2025-02-09;AZ;NRM;B;887.0
2025-02-09;AZ;NRM;C;217.0
2025-02-09;AZ;NRM;D;69.0
2025-02-09;AZ;NRM;E;10.0
2025-02-09;BY;NRM;A;5008.0
2025-02-09;BY;NRM;B;3529.0
2025-02-09;BY;NRM;C;159.0
2025-02-09;BY;NRM;D;46.0
2025-02-09;BY;NRM;E;4.0
2025-02-09;BY;NRM;F;1.0
2025-02-09;KG;NRM;A;260.0
2025-02-09;KG;NRM;B;265.0
2025-02-09;KG;NRM;C;53.0
2025-02-09;KG;NRM;D;12.0
2025-02-09;KG;NRM;E;1.0
2025-02-10;AZ;NRM;A;493.0
2025-02-10;AZ;NRM;B;888.0
2025-02-10;AZ;NRM;C;228.0
2025-02-10;AZ;NRM;D;87.0
2025-02-10;AZ;NRM;E;8.0
2025-02-10;BY;NRM;A;3731.0
2025-02-10;BY;NRM;B;3277.0
2025-02-10;BY;NRM;C;180.0
2025-02-10;BY;NRM;D;37.0
2025-02-10;BY;NRM;E;5.0
2025-02-10;KG;NRM;A;229.0
2025-02-10;KG;NRM;B;293.0
2025-02-10;KG;NRM;C;59.0
2025-02-10;KG;NRM;D;22.0
2025-02-10;KG;NRM;E;1.0
2025-02-12;AZ;NRM;A;855.0
2025-02-12;AZ;NRM;B;1488.0
2025-02-12;AZ;NRM;C;314.0
2025-02-12;AZ;NRM;D;132.0
2025-02-12;AZ;NRM;E;14.0
2025-02-12;AZ;NRM;F;2.0
2025-02-12;BY;NRM;A;5876.0
2025-02-12;BY;NRM;B;4478.0
2025-02-12;BY;NRM;C;257.0
2025-02-12;BY;NRM;D;47.0
2025-02-12;BY;NRM;E;9.0
2025-02-12;KG;NRM;A;347.0
2025-02-12;KG;NRM;B;415.0
2025-02-12;KG;NRM;C;72.0
2025-02-12;KG;NRM;D;27.0
2025-02-12;KG;NRM;E;6.0
2025-02-14;AZ;NRM;A;627.0
2025-02-14;AZ;NRM;B;1032.0
2025-02-14;AZ;NRM;C;260.0
2025-02-14;AZ;NRM;D;87.0
2025-02-14;AZ;NRM;E;13.0
2025-02-14;AZ;NRM;F;2.0
2025-02-14;AZ;NRM;G;1.0
2025-02-14;BY;NRM;A;5001.0
2025-02-14;BY;NRM;B;3614.0
2025-02-14;BY;NRM;C;152.0
2025-02-14;BY;NRM;D;45.0
2025-02-14;BY;NRM;E;3.0
2025-02-14;KG;NRM;A;256.0
2025-02-14;KG;NRM;B;324.0
2025-02-14;KG;NRM;C;67.0
2025-02-14;KG;NRM;D;15.0
2025-02-14;KG;NRM;E;3.0
2025-02-16;AZ;NRM;A;613.0
2025-02-16;AZ;NRM;B;1017.0
2025-02-16;AZ;NRM;C;278.0
2025-02-16;AZ;NRM;D;99.0
2025-02-16;AZ;NRM;E;9.0
2025-02-16;BY;NRM;A;5075.0
2025-02-16;BY;NRM;B;3955.0
2025-02-16;BY;NRM;C;205.0
2025-02-16;BY;NRM;D;39.0
2025-02-16;BY;NRM;E;8.0
2025-02-16;KG;NRM;A;266.0
2025-02-16;KG;NRM;B;307.0
2025-02-16;KG;NRM;C;47.0
2025-02-16;KG;NRM;D;26.0
2025-02-16;KG;NRM;E;1.0
2025-02-17;AZ;NRM;A;266.0
2025-02-17;AZ;NRM;B;424.0
2025-02-17;AZ;NRM;C;110.0
2025-02-17;AZ;NRM;D;37.0
2025-02-17;AZ;NRM;E;4.0
2025-02-17;BY;NRM;A;2493.0
2025-02-17;BY;NRM;B;1819.0
2025-02-17;BY;NRM;C;88.0
2025-02-17;BY;NRM;D;17.0
2025-02-17;BY;NRM;E;2.0
2025-02-17;KG;NRM;A;121.0
2025-02-17;KG;NRM;B;137.0
2025-02-17;KG;NRM;C;35.0
2025-02-17;KG;NRM;D;11.0
2025-02-17;KG;NRM;E;1.0
2025-02-19;AZ;NRM;A;441.0
2025-02-19;AZ;NRM;B;723.0
2025-02-19;AZ;NRM;C;199.0
2025-02-19;AZ;NRM;D;67.0
2025-02-19;AZ;NRM;E;6.0
2025-02-19;AZ;NRM;F;1.0
2025-02-19;BY;NRM;A;4541.0
2025-02-19;BY;NRM;B;3396.0
2025-02-19;BY;NRM;C;173.0
2025-02-19;BY;NRM;D;38.0
2025-02-19;BY;NRM;E;2.0
2025-02-19;KG;NRM;A;178.0
2025-02-19;KG;NRM;B;199.0
2025-02-19;KG;NRM;C;34.0
2025-02-19;KG;NRM;D;21.0
2025-02-19;KG;NRM;E;2.0
2025-02-21;AZ;NRM;A;358.0
2025-02-21;AZ;NRM;B;582.0
2025-02-21;AZ;NRM;C;165.0
2025-02-21;AZ;NRM;D;51.0
2025-02-21;AZ;NRM;F;1.0
2025-02-21;BY;NRM;A;4430.0
2025-02-21;BY;NRM;B;2998.0
2025-02-21;BY;NRM;C;141.0
2025-02-21;BY;NRM;D;30.0
2025-02-21;BY;NRM;E;6.0
2025-02-21;BY;NRM;G;1.0
2025-02-21;KG;NRM;A;168.0
2025-02-21;KG;NRM;B;201.0
2025-02-21;KG;NRM;C;47.0
2025-02-21;KG;NRM;D;19.0
2025-02-21;KG;NRM;E;1.0
2025-02-21;KG;NRM;F;2.0
2025-02-23;AZ;NRM;A;520.0
2025-02-23;AZ;NRM;B;818.0
2025-02-23;AZ;NRM;C;208.0
2025-02-23;AZ;NRM;D;73.0
2025-02-23;AZ;NRM;E;8.0
2025-02-23;AZ;NRM;F;1.0
2025-02-23;BY;NRM;A;5021.0
2025-02-23;BY;NRM;B;4046.0
2025-02-23;BY;NRM;C;216.0
2025-02-23;BY;NRM;D;46.0
2025-02-23;BY;NRM;E;4.0
2025-02-23;KG;NRM;A;294.0
2025-02-23;KG;NRM;B;275.0
2025-02-23;KG;NRM;C;45.0
2025-02-23;KG;NRM;D;27.0
2025-02-23;KG;NRM;E;2.0
2025-02-24;AZ;NRM;A;287.0
2025-02-24;AZ;NRM;B;226.0
2025-02-24;AZ;NRM;C;60.0
2025-02-24;AZ;NRM;D;7.0
2025-02-24;AZ;NRM;E;1.0
2025-02-24;BY;NRM;A;2763.0
2025-02-24;BY;NRM;B;1039.0
2025-02-24;BY;NRM;C;81.0
2025-02-24;BY;NRM;D;12.0
2025-02-24;BY;NRM;E;3.0
2025-02-24;KG;NRM;A;125.0
2025-02-24;KG;NRM;B;89.0
2025-02-24;KG;NRM;C;14.0
2025-02-24;KG;NRM;D;3.0
2025-02-26;AZ;NRM;A;168.0
2025-02-26;AZ;NRM;B;251.0
2025-02-26;AZ;NRM;C;63.0
2025-02-26;AZ;NRM;D;27.0
2025-02-26;AZ;NRM;E;4.0
2025-02-26;BY;NRM;A;2860.0
2025-02-26;BY;NRM;B;2105.0
2025-02-26;BY;NRM;C;134.0
2025-02-26;BY;NRM;D;20.0
2025-02-26;BY;NRM;E;2.0
2025-02-26;KG;NRM;A;105.0
2025-02-26;KG;NRM;B;95.0
2025-02-26;KG;NRM;C;31.0
2025-02-26;KG;NRM;D;10.0
2025-02-28;AZ;NRM;A;579.0
2025-02-28;AZ;NRM;B;1039.0
2025-02-28;AZ;NRM;C;314.0
2025-02-28;AZ;NRM;D;100.0
2025-02-28;AZ;NRM;E;5.0
2025-02-28;AZ;NRM;F;2.0
2025-02-28;BY;NRM;A;6605.0
2025-02-28;BY;NRM;B;5186.0
2025-02-28;BY;NRM;C;312.0
2025-02-28;BY;NRM;D;57.0
2025-02-28;BY;NRM;E;3.0
2025-02-28;BY;NRM;F;2.0
2025-02-28;KG;NRM;A;283.0
2025-02-28;KG;NRM;B;322.0
2025-02-28;KG;NRM;C;62.0
2025-02-28;KG;NRM;D;19.0
2025-03-02;AZ;NRM;A;413.0
2025-03-02;AZ;NRM;B;680.0
2025-03-02;AZ;NRM;C;179.0
2025-03-02;AZ;NRM;D;47.0
2025-03-02;AZ;NRM;E;8.0
2025-03-02;BY;NRM;A;4816.0
2025-03-02;BY;NRM;B;3854.0
2025-03-02;BY;NRM;C;187.0
2025-03-02;BY;NRM;D;39.0
2025-03-02;BY;NRM;E;6.0
2025-03-02;KG;NRM;A;221.0
2025-03-02;KG;NRM;B;244.0
2025-03-02;KG;NRM;C;62.0
2025-03-02;KG;NRM;D;21.0
2025-03-02;KG;NRM;E;3.0
2025-03-03;AZ;NRM;A;136.0
2025-03-03;AZ;NRM;B;217.0
2025-03-03;AZ;NRM;C;64.0
2025-03-03;AZ;NRM;D;18.0
2025-03-03;AZ;NRM;E;6.0
2025-03-03;BY;NRM;A;2196.0
2025-03-03;BY;NRM;B;1446.0
2025-03-03;BY;NRM;C;79.0
2025-03-03;BY;NRM;D;16.0
2025-03-03;BY;NRM;G;1.0
2025-03-03;KG;NRM;A;74.0
2025-03-03;KG;NRM;B;105.0
2025-03-03;KG;NRM;C;12.0
2025-03-03;KG;NRM;D;5.0
2025-03-03;KG;NRM;E;1.0
2025-03-05;AZ;NRM;A;178.0
2025-03-05;AZ;NRM;B;239.0
2025-03-05;AZ;NRM;C;49.0
2025-03-05;AZ;NRM;D;18.0
2025-03-05;AZ;NRM;E;3.0
2025-03-05;AZ;NRM;F;1.0
2025-03-05;BY;NRM;A;2432.0
2025-03-05;BY;NRM;B;1717.0
2025-03-05;BY;NRM;C;112.0
2025-03-05;BY;NRM;D;16.0
2025-03-05;KG;NRM;A;114.0
2025-03-05;KG;NRM;B;81.0
2025-03-05;KG;NRM;C;19.0
2025-03-05;KG;NRM;D;10.0
2025-03-06;AZ;NRM;A;156.0
2025-03-06;AZ;NRM;B;293.0
2025-03-06;AZ;NRM;C;75.0
2025-03-06;AZ;NRM;D;28.0
2025-03-06;AZ;NRM;E;2.0
2025-03-06;AZ;NRM;F;1.0
2025-03-06;BY;NRM;A;1703.0
2025-03-06;BY;NRM;B;1532.0
2025-03-06;BY;NRM;C;80.0
2025-03-06;BY;NRM;D;10.0
2025-03-06;BY;NRM;E;1.0
2025-03-06;BY;NRM;F;1.0
2025-03-06;KG;NRM;A;92.0
2025-03-06;KG;NRM;B;104.0
2025-03-06;KG;NRM;C;14.0
2025-03-06;KG;NRM;D;8.0
2025-03-07;AZ;NRM;A;347.0
2025-03-07;AZ;NRM;B;592.0
2025-03-07;AZ;NRM;C;141.0
2025-03-07;AZ;NRM;D;59.0
2025-03-07;AZ;NRM;E;4.0
2025-03-07;AZ;NRM;G;1.0
2025-03-07;BY;NRM;A;4334.0
2025-03-07;BY;NRM;B;3343.0
2025-03-07;BY;NRM;C;153.0
2025-03-07;BY;NRM;D;31.0
2025-03-07;KG;NRM;A;208.0
2025-03-07;KG;NRM;B;216.0
2025-03-07;KG;NRM;C;39.0
2025-03-07;KG;NRM;D;15.0
2025-03-07;KG;NRM;F;1.0
2025-03-09;AZ;NRM;A;417.0
2025-03-09;AZ;NRM;B;682.0
2025-03-09;AZ;NRM;C;185.0
2025-03-09;AZ;NRM;D;58.0
2025-03-09;AZ;NRM;E;5.0
2025-03-09;BY;NRM;A;4706.0
2025-03-09;BY;NRM;B;3385.0
2025-03-09;BY;NRM;C;169.0
2025-03-09;BY;NRM;D;24.0
2025-03-09;BY;NRM;E;2.0
2025-03-09;KG;NRM;A;217.0
2025-03-09;KG;NRM;B;229.0
2025-03-09;KG;NRM;C;48.0
2025-03-09;KG;NRM;D;14.0
2025-03-10;AZ;NRM;A;234.0
2025-03-10;AZ;NRM;B;398.0
2025-03-10;AZ;NRM;C;79.0
2025-03-10;AZ;NRM;D;26.0
2025-03-10;AZ;NRM;E;2.0
2025-03-10;BY;NRM;A;2180.0
2025-03-10;BY;NRM;B;1654.0
2025-03-10;BY;NRM;C;89.0
2025-03-10;BY;NRM;D;14.0
2025-03-10;BY;NRM;E;2.0
2025-03-10;KG;NRM;A;117.0
2025-03-10;KG;NRM;B;118.0
2025-03-10;KG;NRM;C;22.0
2025-03-10;KG;NRM;D;4.0
2025-03-10;KG;NRM;E;2.0
2025-03-12;AZ;NRM;A;396.0
2025-03-12;AZ;NRM;B;607.0
2025-03-12;AZ;NRM;C;144.0
2025-03-12;AZ;NRM;D;52.0
2025-03-12;AZ;NRM;E;6.0
2025-03-12;AZ;NRM;F;1.0
2025-03-12;AZ;NRM;G;1.0
2025-03-12;BY;NRM;A;3162.0
2025-03-12;BY;NRM;B;2589.0
2025-03-12;BY;NRM;C;112.0
2025-03-12;BY;NRM;D;21.0
2025-03-12;BY;NRM;E;2.0
2025-03-12;BY;NRM;G;1.0
2025-03-12;KG;NRM;A;144.0
2025-03-12;KG;NRM;B;188.0
2025-03-12;KG;NRM;C;37.0
2025-03-12;KG;NRM;D;7.0
2025-03-12;KG;NRM;E;1.0
2025-03-12;KG;NRM;F;1.0
2025-03-14;AZ;NRM;A;379.0
2025-03-14;AZ;NRM;B;674.0
2025-03-14;AZ;NRM;C;174.0
2025-03-14;AZ;NRM;D;55.0
2025-03-14;AZ;NRM;E;2.0
2025-03-14;BY;NRM;A;4356.0
2025-03-14;BY;NRM;B;3084.0
2025-03-14;BY;NRM;C;169.0
2025-03-14;BY;NRM;D;35.0
2025-03-14;BY;NRM;E;3.0
2025-03-14;KG;NRM;A;208.0
2025-03-14;KG;NRM;B;220.0
2025-03-14;KG;NRM;C;61.0
2025-03-14;KG;NRM;D;14.0
2025-03-14;KG;NRM;E;1.0
2025-03-16;AZ;NRM;A;420.0
2025-03-16;AZ;NRM;B;666.0
2025-03-16;AZ;NRM;C;142.0
2025-03-16;AZ;NRM;D;44.0
2025-03-16;AZ;NRM;E;4.0
2025-03-16;AZ;NRM;F;1.0
2025-03-16;BY;NRM;A;4630.0
2025-03-16;BY;NRM;B;3342.0
2025-03-16;BY;NRM;C;155.0
2025-03-16;BY;NRM;D;32.0
2025-03-16;BY;NRM;E;5.0
2025-03-16;KG;NRM;A;225.0
2025-03-16;KG;NRM;B;264.0
2025-03-16;KG;NRM;C;40.0
2025-03-16;KG;NRM;D;14.0
2025-03-19;AZ;NRM;A;638.0
2025-03-19;AZ;NRM;B;992.0
2025-03-19;AZ;NRM;C;268.0
2025-03-19;AZ;NRM;D;92.0
2025-03-19;AZ;NRM;E;9.0
2025-03-19;AZ;NRM;F;1.0
2025-03-19;BY;NRM;A;6600.0
2025-03-19;BY;NRM;B;5050.0
2025-03-19;BY;NRM;C;232.0
2025-03-19;BY;NRM;D;53.0
2025-03-19;BY;NRM;E;7.0
2025-03-19;KG;NRM;A;287.0
2025-03-19;KG;NRM;B;305.0
2025-03-19;KG;NRM;C;67.0
2025-03-19;KG;NRM;D;19.0
2025-03-19;KG;NRM;E;1.0
2025-03-19;KG;NRM;G;1.0
2025-03-21;AZ;NRM;A;367.0
2025-03-21;AZ;NRM;B;672.0
2025-03-21;AZ;NRM;C;132.0
2025-03-21;AZ;NRM;D;56.0
2025-03-21;AZ;NRM;E;4.0
2025-03-21;BY;NRM;A;4737.0
2025-03-21;BY;NRM;B;3391.0
2025-03-21;BY;NRM;C;175.0
2025-03-21;BY;NRM;D;42.0
2025-03-21;BY;NRM;E;3.0
2025-03-21;BY;NRM;G;1.0
2025-03-21;KG;NRM;A;180.0
2025-03-21;KG;NRM;B;186.0
2025-03-21;KG;NRM;C;38.0
2025-03-21;KG;NRM;D;13.0
2025-03-22;AZ;NRM;A;96.0
2025-03-22;AZ;NRM;B;142.0
2025-03-22;AZ;NRM;C;34.0
2025-03-22;AZ;NRM;D;14.0
2025-03-22;AZ;NRM;E;2.0
2025-03-22;BY;NRM;A;554.0
2025-03-22;BY;NRM;B;550.0
2025-03-22;BY;NRM;C;25.0
2025-03-22;BY;NRM;D;6.0
2025-03-22;BY;NRM;E;2.0
2025-03-22;KG;NRM;A;33.0
2025-03-22;KG;NRM;B;44.0
2025-03-22;KG;NRM;C;6.0
2025-03-22;KG;NRM;D;4.0
2025-03-23;AZ;NRM;A;392.0
2025-03-23;AZ;NRM;B;533.0
2025-03-23;AZ;NRM;C;167.0
2025-03-23;AZ;NRM;D;51.0
2025-03-23;AZ;NRM;E;4.0
2025-03-23;AZ;NRM;G;1.0
2025-03-23;BY;NRM;A;5761.0
2025-03-23;BY;NRM;B;4413.0
2025-03-23;BY;NRM;C;265.0
2025-03-23;BY;NRM;D;81.0
2025-03-23;BY;NRM;E;6.0
2025-03-23;KG;NRM;A;176.0
2025-03-23;KG;NRM;B;196.0
2025-03-23;KG;NRM;C;34.0
2025-03-23;KG;NRM;D;14.0
2025-03-23;KG;NRM;E;1.0
2025-03-24;AZ;NRM;A;235.0
2025-03-24;AZ;NRM;B;361.0
2025-03-24;AZ;NRM;C;85.0
2025-03-24;AZ;NRM;D;40.0
2025-03-24;AZ;NRM;E;1.0
2025-03-24;AZ;NRM;F;1.0
2025-03-24;AZ;NRM;G;1.0
2025-03-24;BY;NRM;A;2160.0
2025-03-24;BY;NRM;B;1971.0
2025-03-24;BY;NRM;C;127.0
2025-03-24;BY;NRM;D;33.0
2025-03-24;KG;NRM;A;88.0
2025-03-24;KG;NRM;B;93.0
2025-03-24;KG;NRM;C;27.0
2025-03-24;KG;NRM;D;7.0
2025-03-24;KG;NRM;E;1.0
2025-03-26;AZ;NRM;A;430.0
2025-03-26;AZ;NRM;B;685.0
2025-03-26;AZ;NRM;C;185.0
2025-03-26;AZ;NRM;D;53.0
2025-03-26;AZ;NRM;E;9.0
2025-03-26;BY;NRM;A;5792.0
2025-03-26;BY;NRM;B;4449.0
2025-03-26;BY;NRM;C;254.0
2025-03-26;BY;NRM;D;72.0
2025-03-26;BY;NRM;E;15.0
2025-03-26;BY;NRM;F;1.0
2025-03-26;BY;NRM;G;1.0
2025-03-26;KG;NRM;A;182.0
2025-03-26;KG;NRM;B;191.0
2025-03-26;KG;NRM;C;44.0
2025-03-26;KG;NRM;D;18.0
2025-03-26;KG;NRM;E;1.0
2025-03-26;KG;NRM;F;1.0
2025-03-27;AZ;NRM;A;184.0
2025-03-27;AZ;NRM;B;370.0
2025-03-27;AZ;NRM;C;80.0
2025-03-27;AZ;NRM;D;31.0
2025-03-27;AZ;NRM;E;1.0
2025-03-27;AZ;NRM;F;1.0
2025-03-27;BY;NRM;A;1418.0
2025-03-27;BY;NRM;B;1510.0
2025-03-27;BY;NRM;C;82.0
2025-03-27;BY;NRM;D;16.0
2025-03-27;BY;NRM;E;2.0
2025-03-27;KG;NRM;A;65.0
2025-03-27;KG;NRM;B;92.0
2025-03-27;KG;NRM;C;20.0
2025-03-27;KG;NRM;D;3.0
2025-03-28;AZ;NRM;A;422.0
2025-03-28;AZ;NRM;B;709.0
2025-03-28;AZ;NRM;C;177.0
2025-03-28;AZ;NRM;D;57.0
2025-03-28;AZ;NRM;E;4.0
2025-03-28;AZ;NRM;F;1.0
2025-03-28;BY;NRM;A;4265.0
2025-03-28;BY;NRM;B;3462.0
2025-03-28;BY;NRM;C;200.0
2025-03-28;BY;NRM;D;39.0
2025-03-28;BY;NRM;E;5.0
2025-03-28;KG;NRM;A;167.0
2025-03-28;KG;NRM;B;182.0
2025-03-28;KG;NRM;C;47.0
2025-03-28;KG;NRM;D;17.0
2025-03-28;KG;NRM;E;1.0
2025-03-29;AZ;NRM;A;158.0
2025-03-29;AZ;NRM;B;272.0
2025-03-29;AZ;NRM;C;89.0
2025-03-29;AZ;NRM;D;16.0
2025-03-29;AZ;NRM;E;4.0
2025-03-29;BY;NRM;A;876.0
2025-03-29;BY;NRM;B;893.0
2025-03-29;BY;NRM;C;41.0
2025-03-29;BY;NRM;D;4.0
2025-03-29;BY;NRM;E;2.0
2025-03-29;KG;NRM;A;44.0
2025-03-29;KG;NRM;B;73.0
2025-03-29;KG;NRM;C;27.0
2025-03-29;KG;NRM;D;10.0
2025-03-29;KG;NRM;F;1.0
2025-03-29;KG;NRM;G;1.0
2025-03-30;AZ;NRM;A;395.0
2025-03-30;AZ;NRM;B;619.0
2025-03-30;AZ;NRM;C;168.0
2025-03-30;AZ;NRM;D;70.0
2025-03-30;AZ;NRM;E;6.0
2025-03-30;AZ;NRM;G;2.0
2025-03-30;BY;NRM;A;3959.0
2025-03-30;BY;NRM;B;3067.0
2025-03-30;BY;NRM;C;188.0
2025-03-30;BY;NRM;D;76.0
2025-03-30;BY;NRM;E;11.0
2025-03-30;BY;NRM;F;2.0
2025-03-30;KG;NRM;A;187.0
2025-03-30;KG;NRM;B;217.0
2025-03-30;KG;NRM;C;36.0
2025-03-30;KG;NRM;D;23.0
2025-03-30;KG;NRM;E;2.0
2025-03-31;AZ;NRM;A;279.0
2025-03-31;AZ;NRM;B;455.0
2025-03-31;AZ;NRM;C;114.0
2025-03-31;AZ;NRM;D;50.0
2025-03-31;AZ;NRM;E;9.0
2025-03-31;AZ;NRM;F;1.0
2025-03-31;BY;NRM;A;2452.0
2025-03-31;BY;NRM;B;1795.0
2025-03-31;BY;NRM;C;118.0
2025-03-31;BY;NRM;D;21.0
2025-03-31;BY;NRM;E;8.0
2025-03-31;KG;NRM;A;123.0
2025-03-31;KG;NRM;B;150.0
2025-03-31;KG;NRM;C;22.0
2025-03-31;KG;NRM;D;10.0
2025-03-31;KG;NRM;E;2.0
2025-04-02;AZ;NRM;A;379.0
2025-04-02;AZ;NRM;B;591.0
2025-04-02;AZ;NRM;C;149.0
2025-04-02;AZ;NRM;D;55.0
2025-04-02;AZ;NRM;E;2.0
2025-04-02;AZ;NRM;F;1.0
2025-04-02;AZ;NRM;G;1.0
2025-04-02;BY;NRM;A;2862.0
2025-04-02;BY;NRM;B;2382.0
2025-04-02;BY;NRM;C;133.0
2025-04-02;BY;NRM;D;35.0
2025-04-02;BY;NRM;E;6.0
2025-04-02;BY;NRM;G;1.0
2025-04-02;KG;NRM;A;94.0
2025-04-02;KG;NRM;B;121.0
2025-04-02;KG;NRM;C;28.0
2025-04-02;KG;NRM;D;10.0
2025-04-03;AZ;NRM;A;249.0
2025-04-03;AZ;NRM;B;387.0
2025-04-03;AZ;NRM;C;94.0
2025-04-03;AZ;NRM;D;28.0
2025-04-03;AZ;NRM;E;5.0
2025-04-03;BY;NRM;A;1824.0
2025-04-03;BY;NRM;B;1369.0
2025-04-03;BY;NRM;C;86.0
2025-04-03;BY;NRM;D;13.0
2025-04-03;BY;NRM;E;1.0
2025-04-03;KG;NRM;A;89.0
2025-04-03;KG;NRM;B;93.0
2025-04-03;KG;NRM;C;21.0
2025-04-03;KG;NRM;D;7.0
2025-04-04;AZ;NRM;A;512.0
2025-04-04;AZ;NRM;B;800.0
2025-04-04;AZ;NRM;C;184.0
2025-04-04;AZ;NRM;D;66.0
2025-04-04;AZ;NRM;E;13.0
2025-04-04;AZ;NRM;F;1.0
2025-04-04;AZ;NRM;G;1.0
2025-04-04;BY;NRM;A;4048.0
2025-04-04;BY;NRM;B;3229.0
2025-04-04;BY;NRM;C;173.0
2025-04-04;BY;NRM;D;64.0
2025-04-04;BY;NRM;E;13.0
2025-04-04;BY;NRM;F;4.0
2025-04-04;KG;NRM;A;154.0
2025-04-04;KG;NRM;B;179.0
2025-04-04;KG;NRM;C;55.0
2025-04-04;KG;NRM;D;12.0
2025-04-05;AZ;NRM;A;135.0
2025-04-05;AZ;NRM;B;247.0
2025-04-05;AZ;NRM;C;46.0
2025-04-05;AZ;NRM;D;18.0
2025-04-05;BY;NRM;A;767.0
2025-04-05;BY;NRM;B;658.0
2025-04-05;BY;NRM;C;33.0
2025-04-05;BY;NRM;D;7.0
2025-04-05;KG;NRM;A;47.0
2025-04-05;KG;NRM;B;63.0
2025-04-05;KG;NRM;C;14.0
2025-04-05;KG;NRM;D;3.0
2025-04-06;AZ;NRM;A;250.0
2025-04-06;AZ;NRM;B;371.0
2025-04-06;AZ;NRM;C;85.0
2025-04-06;AZ;NRM;D;31.0
2025-04-06;AZ;NRM;E;4.0
2025-04-06;BY;NRM;A;1791.0
2025-04-06;BY;NRM;B;1381.0
2025-04-06;BY;NRM;C;78.0
2025-04-06;BY;NRM;D;26.0
2025-04-06;BY;NRM;E;12.0
2025-04-06;BY;NRM;F;4.0
2025-04-06;BY;NRM;G;1.0
2025-04-06;KG;NRM;A;77.0
2025-04-06;KG;NRM;B;80.0
2025-04-06;KG;NRM;C;18.0
2025-04-06;KG;NRM;D;7.0
2025-04-07;AZ;NRM;A;289.0
2025-04-07;AZ;NRM;B;476.0
2025-04-07;AZ;NRM;C;126.0
2025-04-07;AZ;NRM;D;45.0
2025-04-07;AZ;NRM;E;10.0
2025-04-07;AZ;NRM;G;1.0
2025-04-07;BY;NRM;A;2405.0
2025-04-07;BY;NRM;B;2081.0
2025-04-07;BY;NRM;C;115.0
2025-04-07;BY;NRM;D;24.0
2025-04-07;BY;NRM;E;9.0
2025-04-07;BY;NRM;F;4.0
2025-04-07;BY;NRM;G;4.0
2025-04-07;KG;NRM;A;105.0
2025-04-07;KG;NRM;B;111.0
2025-04-07;KG;NRM;C;31.0
2025-04-07;KG;NRM;D;5.0
2025-04-07;KG;NRM;E;1.0
2025-04-09;AZ;NRM;A;312.0
2025-04-09;AZ;NRM;B;417.0
2025-04-09;AZ;NRM;C;91.0
2025-04-09;AZ;NRM;D;42.0
2025-04-09;AZ;NRM;E;4.0
2025-04-09;BY;NRM;A;1988.0
2025-04-09;BY;NRM;B;1374.0
2025-04-09;BY;NRM;C;68.0
2025-04-09;BY;NRM;D;25.0
2025-04-09;BY;NRM;E;11.0
2025-04-09;BY;NRM;F;7.0
2025-04-09;BY;NRM;G;6.0
2025-04-09;KG;NRM;A;70.0
2025-04-09;KG;NRM;B;72.0
2025-04-09;KG;NRM;C;17.0
2025-04-09;KG;NRM;D;2.0
2025-04-09;KG;NRM;E;1.0
2025-04-10;AZ;NRM;A;250.0
2025-04-10;AZ;NRM;B;387.0
2025-04-10;AZ;NRM;C;99.0
2025-04-10;AZ;NRM;D;24.0
2025-04-10;AZ;NRM;E;3.0
2025-04-10;AZ;NRM;F;1.0
2025-04-10;BY;NRM;A;1880.0
2025-04-10;BY;NRM;B;1501.0
2025-04-10;BY;NRM;C;81.0
2025-04-10;BY;NRM;D;13.0
2025-04-10;BY;NRM;E;3.0
2025-04-10;BY;NRM;F;3.0
2025-04-10;BY;NRM;G;1.0
2025-04-10;KG;NRM;A;66.0
2025-04-10;KG;NRM;B;85.0
2025-04-10;KG;NRM;C;20.0
2025-04-10;KG;NRM;D;10.0
2025-04-10;KG;NRM;E;1.0
2025-04-11;AZ;NRM;A;479.0
2025-04-11;AZ;NRM;B;822.0
2025-04-11;AZ;NRM;C;177.0
2025-04-11;AZ;NRM;D;79.0
2025-04-11;AZ;NRM;E;6.0
2025-04-11;BY;NRM;A;3784.0
2025-04-11;BY;NRM;B;2864.0
2025-04-11;BY;NRM;C;135.0
2025-04-11;BY;NRM;D;33.0
2025-04-11;BY;NRM;E;3.0
2025-04-11;BY;NRM;F;1.0
2025-04-11;KG;NRM;A;138.0
2025-04-11;KG;NRM;B;152.0
2025-04-11;KG;NRM;C;41.0
2025-04-11;KG;NRM;D;10.0
2025-04-12;AZ;NRM;A;196.0
2025-04-12;AZ;NRM;B;319.0
2025-04-12;AZ;NRM;C;71.0
2025-04-12;AZ;NRM;D;22.0
2025-04-12;BY;NRM;A;934.0
2025-04-12;BY;NRM;B;759.0
2025-04-12;BY;NRM;C;40.0
2025-04-12;BY;NRM;D;7.0
2025-04-12;KG;NRM;A;47.0
2025-04-12;KG;NRM;B;52.0
2025-04-12;KG;NRM;C;9.0
2025-04-12;KG;NRM;D;3.0
2025-04-13;AZ;NRM;A;454.0
2025-04-13;AZ;NRM;B;768.0
2025-04-13;AZ;NRM;C;199.0
2025-04-13;AZ;NRM;D;64.0
2025-04-13;AZ;NRM;E;8.0
2025-04-13;AZ;NRM;F;1.0
2025-04-13;BY;NRM;A;3613.0
2025-04-13;BY;NRM;B;2740.0
2025-04-13;BY;NRM;C;139.0
2025-04-13;BY;NRM;D;20.0
2025-04-13;BY;NRM;E;4.0
2025-04-13;KG;NRM;A;114.0
2025-04-13;KG;NRM;B;115.0
2025-04-13;KG;NRM;C;30.0
2025-04-13;KG;NRM;D;8.0
2025-04-14;AZ;NRM;A;227.0
2025-04-14;AZ;NRM;B;363.0
2025-04-14;AZ;NRM;C;101.0
2025-04-14;AZ;NRM;D;31.0
2025-04-14;AZ;NRM;E;3.0
2025-04-14;BY;NRM;A;1915.0
2025-04-14;BY;NRM;B;1439.0
2025-04-14;BY;NRM;C;74.0
2025-04-14;BY;NRM;D;12.0
2025-04-14;BY;NRM;E;1.0
2025-04-14;KG;NRM;A;54.0
2025-04-14;KG;NRM;B;68.0
2025-04-14;KG;NRM;C;14.0
2025-04-14;KG;NRM;D;6.0
2025-04-16;AZ;NRM;A;590.0
2025-04-16;AZ;NRM;B;902.0
2025-04-16;AZ;NRM;C;244.0
2025-04-16;AZ;NRM;D;79.0
2025-04-16;AZ;NRM;E;6.0
2025-04-16;AZ;NRM;F;1.0
2025-04-16;AZ;NRM;G;1.0
2025-04-16;BY;NRM;A;4680.0
2025-04-16;BY;NRM;B;3403.0
2025-04-16;BY;NRM;C;161.0
2025-04-16;BY;NRM;D;26.0
2025-04-16;BY;NRM;E;5.0
2025-04-16;KG;NRM;A;145.0
2025-04-16;KG;NRM;B;148.0
2025-04-16;KG;NRM;C;36.0
2025-04-16;KG;NRM;D;12.0
2025-04-18;AZ;NRM;A;584.0
2025-04-18;AZ;NRM;B;886.0
2025-04-18;AZ;NRM;C;187.0
2025-04-18;AZ;NRM;D;78.0
2025-04-18;AZ;NRM;E;6.0
2025-04-18;BY;NRM;A;3669.0
2025-04-18;BY;NRM;B;2885.0
2025-04-18;BY;NRM;C;149.0
2025-04-18;BY;NRM;D;32.0
2025-04-18;BY;NRM;E;2.0
2025-04-18;KG;NRM;A;107.0
2025-04-18;KG;NRM;B;136.0
2025-04-18;KG;NRM;C;21.0
2025-04-18;KG;NRM;D;9.0
2025-04-18;KG;NRM;E;1.0
2025-04-19;AZ;NRM;A;135.0
2025-04-19;AZ;NRM;B;212.0
2025-04-19;AZ;NRM;C;65.0
2025-04-19;AZ;NRM;D;17.0
2025-04-19;AZ;NRM;E;1.0
2025-04-19;AZ;NRM;F;1.0
2025-04-19;BY;NRM;A;590.0
2025-04-19;BY;NRM;B;472.0
2025-04-19;BY;NRM;C;16.0
2025-04-19;BY;NRM;D;2.0
2025-04-19;KG;NRM;A;28.0
2025-04-19;KG;NRM;B;22.0
2025-04-19;KG;NRM;C;5.0
2025-04-20;AZ;NRM;A;404.0
2025-04-20;AZ;NRM;B;652.0
2025-04-20;AZ;NRM;C;162.0
2025-04-20;AZ;NRM;D;79.0
2025-04-20;AZ;NRM;E;9.0
2025-04-20;BY;NRM;A;3428.0
2025-04-20;BY;NRM;B;2702.0
2025-04-20;BY;NRM;C;143.0
2025-04-20;BY;NRM;D;33.0
2025-04-20;BY;NRM;E;5.0
2025-04-20;BY;NRM;F;2.0
2025-04-20;KG;NRM;A;115.0
2025-04-20;KG;NRM;B;123.0
2025-04-20;KG;NRM;C;35.0
2025-04-20;KG;NRM;D;8.0
2025-04-21;AZ;NRM;A;320.0
2025-04-21;AZ;NRM;B;485.0
2025-04-21;AZ;NRM;C;122.0
2025-04-21;AZ;NRM;D;57.0
2025-04-21;AZ;NRM;E;8.0
2025-04-21;AZ;NRM;G;2.0
2025-04-21;BY;NRM;A;2795.0
2025-04-21;BY;NRM;B;2006.0
2025-04-21;BY;NRM;C;98.0
2025-04-21;BY;NRM;D;23.0
2025-04-21;BY;NRM;E;3.0
2025-04-21;KG;NRM;A;61.0
2025-04-21;KG;NRM;B;83.0
2025-04-21;KG;NRM;C;8.0
2025-04-21;KG;NRM;D;2.0
2025-04-21;KG;NRM;E;1.0
2025-04-23;AZ;NRM;A;546.0
2025-04-23;AZ;NRM;B;842.0
2025-04-23;AZ;NRM;C;237.0
2025-04-23;AZ;NRM;D;85.0
2025-04-23;AZ;NRM;E;6.0
2025-04-23;AZ;NRM;G;1.0
2025-04-23;BY;NRM;A;3350.0
2025-04-23;BY;NRM;B;2798.0
2025-04-23;BY;NRM;C;146.0
2025-04-23;BY;NRM;D;24.0
2025-04-23;BY;NRM;E;2.0
2025-04-23;KG;NRM;A;123.0
2025-04-23;KG;NRM;B;152.0
2025-04-23;KG;NRM;C;33.0
2025-04-23;KG;NRM;D;4.0
2025-04-23;KG;NRM;E;2.0
2025-04-25;AZ;NRM;A;540.0
2025-04-25;AZ;NRM;B;856.0
2025-04-25;AZ;NRM;C;253.0
2025-04-25;AZ;NRM;D;81.0
2025-04-25;AZ;NRM;E;8.0
2025-04-25;AZ;NRM;F;1.0
2025-04-25;BY;NRM;A;3906.0
2025-04-25;BY;NRM;B;3142.0
2025-04-25;BY;NRM;C;153.0
2025-04-25;BY;NRM;D;28.0
2025-04-25;BY;NRM;G;1.0
2025-04-25;KG;NRM;A;122.0
2025-04-25;KG;NRM;B;125.0
2025-04-25;KG;NRM;C;36.0
2025-04-25;KG;NRM;D;7.0
2025-04-25;KG;NRM;F;1.0
2024-12-01;AZ;RM;A;62.0
2024-12-01;AZ;RM;B;229.0
2024-12-01;AZ;RM;C;204.0
2024-12-01;AZ;RM;D;359.0
2024-12-01;AZ;RM;E;254.0
2024-12-01;AZ;RM;F;84.0
2024-12-01;AZ;RM;G;98.0
2024-12-01;KG;RM;A;17.0
2024-12-01;KG;RM;B;45.0
2024-12-01;KG;RM;C;41.0
2024-12-01;KG;RM;D;58.0
2024-12-01;KG;RM;E;59.0
2024-12-01;KG;RM;F;17.0
2024-12-01;KG;RM;G;32.0
2024-12-01;UZ;RM;A;68.0
2024-12-01;UZ;RM;B;282.0
2024-12-01;UZ;RM;C;229.0
2024-12-01;UZ;RM;D;371.0
2024-12-01;UZ;RM;E;286.0
2024-12-01;UZ;RM;F;104.0
2024-12-01;UZ;RM;G;126.0
2024-12-02;AZ;RM;A;43.0
2024-12-02;AZ;RM;B;80.0
2024-12-02;AZ;RM;C;87.0
2024-12-02;AZ;RM;D;107.0
2024-12-02;AZ;RM;E;105.0
2024-12-02;AZ;RM;F;38.0
2024-12-02;AZ;RM;G;55.0
2024-12-02;KG;RM;A;7.0
2024-12-02;KG;RM;B;21.0
2024-12-02;KG;RM;C;25.0
2024-12-02;KG;RM;D;19.0
2024-12-02;KG;RM;E;15.0
2024-12-02;KG;RM;F;12.0
2024-12-02;KG;RM;G;5.0
2024-12-02;UZ;RM;A;50.0
2024-12-02;UZ;RM;B;115.0
2024-12-02;UZ;RM;C;99.0
2024-12-02;UZ;RM;D;161.0
2024-12-02;UZ;RM;E;101.0
2024-12-02;UZ;RM;F;41.0
2024-12-02;UZ;RM;G;63.0
2024-12-03;AZ;RM;A;12.0
2024-12-03;AZ;RM;B;42.0
2024-12-03;AZ;RM;C;37.0
2024-12-03;AZ;RM;D;65.0
2024-12-03;AZ;RM;E;52.0
2024-12-03;AZ;RM;F;20.0
2024-12-03;AZ;RM;G;12.0
2024-12-03;KG;RM;A;4.0
2024-12-03;KG;RM;B;11.0
2024-12-03;KG;RM;C;9.0
2024-12-03;KG;RM;D;12.0
2024-12-03;KG;RM;E;10.0
2024-12-03;KG;RM;F;2.0
2024-12-03;KG;RM;G;6.0
2024-12-03;UZ;RM;A;29.0
2024-12-03;UZ;RM;B;41.0
2024-12-03;UZ;RM;C;33.0
2024-12-03;UZ;RM;D;75.0
2024-12-03;UZ;RM;E;51.0
2024-12-03;UZ;RM;F;17.0
2024-12-03;UZ;RM;G;16.0
2024-12-04;AZ;RM;A;32.0
2024-12-04;AZ;RM;B;76.0
2024-12-04;AZ;RM;C;65.0
2024-12-04;AZ;RM;D;122.0
2024-12-04;AZ;RM;E;104.0
2024-12-04;AZ;RM;F;46.0
2024-12-04;AZ;RM;G;38.0
2024-12-04;KG;RM;A;6.0
2024-12-04;KG;RM;B;9.0
2024-12-04;KG;RM;C;9.0
2024-12-04;KG;RM;D;29.0
2024-12-04;KG;RM;E;17.0
2024-12-04;KG;RM;F;8.0
2024-12-04;KG;RM;G;11.0
2024-12-04;UZ;RM;A;31.0
2024-12-04;UZ;RM;B;94.0
2024-12-04;UZ;RM;C;89.0
2024-12-04;UZ;RM;D;132.0
2024-12-04;UZ;RM;E;83.0
2024-12-04;UZ;RM;F;30.0
2024-12-04;UZ;RM;G;36.0
2024-12-05;AZ;RM;A;48.0
2024-12-05;AZ;RM;B;154.0
2024-12-05;AZ;RM;C;134.0
2024-12-05;AZ;RM;D;249.0
2024-12-05;AZ;RM;E;150.0
2024-12-05;AZ;RM;F;61.0
2024-12-05;AZ;RM;G;83.0
2024-12-05;KG;RM;A;13.0
2024-12-05;KG;RM;B;24.0
2024-12-05;KG;RM;C;28.0
2024-12-05;KG;RM;D;47.0
2024-12-05;KG;RM;E;27.0
2024-12-05;KG;RM;F;14.0
2024-12-05;KG;RM;G;13.0
2024-12-05;UZ;RM;A;53.0
2024-12-05;UZ;RM;B;158.0
2024-12-05;UZ;RM;C;131.0
2024-12-05;UZ;RM;D;246.0
2024-12-05;UZ;RM;E;146.0
2024-12-05;UZ;RM;F;50.0
2024-12-05;UZ;RM;G;54.0
2024-12-06;AZ;RM;A;29.0
2024-12-06;AZ;RM;B;104.0
2024-12-06;AZ;RM;C;99.0
2024-12-06;AZ;RM;D;158.0
2024-12-06;AZ;RM;E;131.0
2024-12-06;AZ;RM;F;54.0
2024-12-06;AZ;RM;G;44.0
2024-12-06;KG;RM;A;4.0
2024-12-06;KG;RM;B;24.0
2024-12-06;KG;RM;C;22.0
2024-12-06;KG;RM;D;44.0
2024-12-06;KG;RM;E;28.0
2024-12-06;KG;RM;F;6.0
2024-12-06;KG;RM;G;6.0
2024-12-06;UZ;RM;A;28.0
2024-12-06;UZ;RM;B;113.0
2024-12-06;UZ;RM;C;100.0
2024-12-06;UZ;RM;D;173.0
2024-12-06;UZ;RM;E;141.0
2024-12-06;UZ;RM;F;55.0
2024-12-06;UZ;RM;G;62.0
2024-12-08;AZ;RM;A;55.0
2024-12-08;AZ;RM;B;223.0
2024-12-08;AZ;RM;C;222.0
2024-12-08;AZ;RM;D;368.0
2024-12-08;AZ;RM;E;250.0
2024-12-08;AZ;RM;F;83.0
2024-12-08;AZ;RM;G;115.0
2024-12-08;KG;RM;A;14.0
2024-12-08;KG;RM;B;68.0
2024-12-08;KG;RM;C;42.0
2024-12-08;KG;RM;D;55.0
2024-12-08;KG;RM;E;49.0
2024-12-08;KG;RM;F;14.0
2024-12-08;KG;RM;G;17.0
2024-12-08;UZ;RM;A;83.0
2024-12-08;UZ;RM;B;255.0
2024-12-08;UZ;RM;C;212.0
2024-12-08;UZ;RM;D;389.0
2024-12-08;UZ;RM;E;233.0
2024-12-08;UZ;RM;F;83.0
2024-12-08;UZ;RM;G;115.0
2024-12-09;AZ;RM;A;26.0
2024-12-09;AZ;RM;B;108.0
2024-12-09;AZ;RM;C;107.0
2024-12-09;AZ;RM;D;171.0
2024-12-09;AZ;RM;E;146.0
2024-12-09;AZ;RM;F;41.0
2024-12-09;AZ;RM;G;71.0
2024-12-09;KG;RM;A;11.0
2024-12-09;KG;RM;B;26.0
2024-12-09;KG;RM;C;17.0
2024-12-09;KG;RM;D;26.0
2024-12-09;KG;RM;E;15.0
2024-12-09;KG;RM;F;11.0
2024-12-09;KG;RM;G;13.0
2024-12-09;UZ;RM;A;41.0
2024-12-09;UZ;RM;B;122.0
2024-12-09;UZ;RM;C;104.0
2024-12-09;UZ;RM;D;188.0
2024-12-09;UZ;RM;E;147.0
2024-12-09;UZ;RM;F;54.0
2024-12-09;UZ;RM;G;57.0
2024-12-10;AZ;RM;A;7.0
2024-12-10;AZ;RM;B;44.0
2024-12-10;AZ;RM;C;38.0
2024-12-10;AZ;RM;D;57.0
2024-12-10;AZ;RM;E;60.0
2024-12-10;AZ;RM;F;19.0
2024-12-10;AZ;RM;G;18.0
2024-12-10;KG;RM;A;6.0
2024-12-10;KG;RM;B;9.0
2024-12-10;KG;RM;C;4.0
2024-12-10;KG;RM;D;23.0
2024-12-10;KG;RM;E;5.0
2024-12-10;KG;RM;F;6.0
2024-12-10;KG;RM;G;3.0
2024-12-10;UZ;RM;A;11.0
2024-12-10;UZ;RM;B;54.0
2024-12-10;UZ;RM;C;37.0
2024-12-10;UZ;RM;D;63.0
2024-12-10;UZ;RM;E;51.0
2024-12-10;UZ;RM;F;23.0
2024-12-10;UZ;RM;G;30.0
2024-12-11;AZ;RM;A;38.0
2024-12-11;AZ;RM;B;156.0
2024-12-11;AZ;RM;C;130.0
2024-12-11;AZ;RM;D;205.0
2024-12-11;AZ;RM;E;154.0
2024-12-11;AZ;RM;F;46.0
2024-12-11;AZ;RM;G;79.0
2024-12-11;KG;RM;A;15.0
2024-12-11;KG;RM;B;50.0
2024-12-11;KG;RM;C;30.0
2024-12-11;KG;RM;D;53.0
2024-12-11;KG;RM;E;38.0
2024-12-11;KG;RM;F;16.0
2024-12-11;KG;RM;G;19.0
2024-12-11;UZ;RM;A;71.0
2024-12-11;UZ;RM;B;175.0
2024-12-11;UZ;RM;C;181.0
2024-12-11;UZ;RM;D;267.0
2024-12-11;UZ;RM;E;173.0
2024-12-11;UZ;RM;F;65.0
2024-12-11;UZ;RM;G;67.0
2024-12-12;AZ;RM;A;18.0
2024-12-12;AZ;RM;B;83.0
2024-12-12;AZ;RM;C;67.0
2024-12-12;AZ;RM;D;85.0
2024-12-12;AZ;RM;E;66.0
2024-12-12;AZ;RM;F;28.0
2024-12-12;AZ;RM;G;30.0
2024-12-12;KG;RM;A;5.0
2024-12-12;KG;RM;B;14.0
2024-12-12;KG;RM;C;7.0
2024-12-12;KG;RM;D;18.0
2024-12-12;KG;RM;E;13.0
2024-12-12;KG;RM;F;3.0
2024-12-12;KG;RM;G;6.0
2024-12-12;UZ;RM;A;26.0
2024-12-12;UZ;RM;B;104.0
2024-12-12;UZ;RM;C;72.0
2024-12-12;UZ;RM;D;119.0
2024-12-12;UZ;RM;E;95.0
2024-12-12;UZ;RM;F;28.0
2024-12-12;UZ;RM;G;34.0
2024-12-13;AZ;RM;A;25.0
2024-12-13;AZ;RM;B;60.0
2024-12-13;AZ;RM;C;63.0
2024-12-13;AZ;RM;D;104.0
2024-12-13;AZ;RM;E;69.0
2024-12-13;AZ;RM;F;25.0
2024-12-13;AZ;RM;G;32.0
2024-12-13;KG;RM;A;2.0
2024-12-13;KG;RM;B;15.0
2024-12-13;KG;RM;C;8.0
2024-12-13;KG;RM;D;16.0
2024-12-13;KG;RM;E;7.0
2024-12-13;KG;RM;F;1.0
2024-12-13;KG;RM;G;6.0
2024-12-13;UZ;RM;A;17.0
2024-12-13;UZ;RM;B;88.0
2024-12-13;UZ;RM;C;73.0
2024-12-13;UZ;RM;D;114.0
2024-12-13;UZ;RM;E;101.0
2024-12-13;UZ;RM;F;19.0
2024-12-13;UZ;RM;G;26.0
2024-12-15;AZ;RM;A;48.0
2024-12-15;AZ;RM;B;215.0
2024-12-15;AZ;RM;C;185.0
2024-12-15;AZ;RM;D;296.0
2024-12-15;AZ;RM;E;214.0
2024-12-15;AZ;RM;F;75.0
2024-12-15;AZ;RM;G;83.0
2024-12-15;KG;RM;A;15.0
2024-12-15;KG;RM;B;40.0
2024-12-15;KG;RM;C;38.0
2024-12-15;KG;RM;D;45.0
2024-12-15;KG;RM;E;30.0
2024-12-15;KG;RM;F;18.0
2024-12-15;KG;RM;G;14.0
2024-12-15;UZ;RM;A;82.0
2024-12-15;UZ;RM;B;203.0
2024-12-15;UZ;RM;C;184.0
2024-12-15;UZ;RM;D;332.0
2024-12-15;UZ;RM;E;218.0
2024-12-15;UZ;RM;F;77.0
2024-12-15;UZ;RM;G;64.0
2024-12-16;AZ;RM;A;24.0
2024-12-16;AZ;RM;B;88.0
2024-12-16;AZ;RM;C;73.0
2024-12-16;AZ;RM;D;110.0
2024-12-16;AZ;RM;E;87.0
2024-12-16;AZ;RM;F;26.0
2024-12-16;AZ;RM;G;35.0
2024-12-16;KG;RM;A;8.0
2024-12-16;KG;RM;B;12.0
2024-12-16;KG;RM;C;13.0
2024-12-16;KG;RM;D;17.0
2024-12-16;KG;RM;E;8.0
2024-12-16;KG;RM;F;4.0
2024-12-16;KG;RM;G;5.0
2024-12-16;UZ;RM;A;37.0
2024-12-16;UZ;RM;B;98.0
2024-12-16;UZ;RM;C;85.0
2024-12-16;UZ;RM;D;142.0
2024-12-16;UZ;RM;E;92.0
2024-12-16;UZ;RM;F;26.0
2024-12-16;UZ;RM;G;42.0
2024-12-19;AZ;RM;A;72.0
2024-12-19;AZ;RM;B;241.0
2024-12-19;AZ;RM;C;211.0
2024-12-19;AZ;RM;D;318.0
2024-12-19;AZ;RM;E;265.0
2024-12-19;AZ;RM;F;67.0
2024-12-19;AZ;RM;G;103.0
2024-12-19;KG;RM;A;12.0
2024-12-19;KG;RM;B;38.0
2024-12-19;KG;RM;C;35.0
2024-12-19;KG;RM;D;58.0
2024-12-19;KG;RM;E;40.0
2024-12-19;KG;RM;F;17.0
2024-12-19;KG;RM;G;22.0
2024-12-19;UZ;RM;A;87.0
2024-12-19;UZ;RM;B;265.0
2024-12-19;UZ;RM;C;231.0
2024-12-19;UZ;RM;D;329.0
2024-12-19;UZ;RM;E;234.0
2024-12-19;UZ;RM;F;72.0
2024-12-19;UZ;RM;G;81.0
2024-12-20;AZ;RM;A;19.0
2024-12-20;AZ;RM;B;67.0
2024-12-20;AZ;RM;C;75.0
2024-12-20;AZ;RM;D;102.0
2024-12-20;AZ;RM;E;74.0
2024-12-20;AZ;RM;F;27.0
2024-12-20;AZ;RM;G;36.0
2024-12-20;KG;RM;A;8.0
2024-12-20;KG;RM;B;13.0
2024-12-20;KG;RM;C;7.0
2024-12-20;KG;RM;D;21.0
2024-12-20;KG;RM;E;12.0
2024-12-20;KG;RM;F;4.0
2024-12-20;KG;RM;G;10.0
2024-12-20;UZ;RM;A;28.0
2024-12-20;UZ;RM;B;97.0
2024-12-20;UZ;RM;C;74.0
2024-12-20;UZ;RM;D;133.0
2024-12-20;UZ;RM;E;89.0
2024-12-20;UZ;RM;F;39.0
2024-12-20;UZ;RM;G;35.0
2024-12-22;AZ;RM;A;59.0
2024-12-22;AZ;RM;B;191.0
2024-12-22;AZ;RM;C;173.0
2024-12-22;AZ;RM;D;250.0
2024-12-22;AZ;RM;E;199.0
2024-12-22;AZ;RM;F;63.0
2024-12-22;AZ;RM;G;83.0
2024-12-22;KG;RM;A;9.0
2024-12-22;KG;RM;B;39.0
2024-12-22;KG;RM;C;25.0
2024-12-22;KG;RM;D;44.0
2024-12-22;KG;RM;E;23.0
2024-12-22;KG;RM;F;10.0
2024-12-22;KG;RM;G;26.0
2024-12-22;UZ;RM;A;81.0
2024-12-22;UZ;RM;B;212.0
2024-12-22;UZ;RM;C;178.0
2024-12-22;UZ;RM;D;277.0
2024-12-22;UZ;RM;E;192.0
2024-12-22;UZ;RM;F;66.0
2024-12-22;UZ;RM;G;65.0
2024-12-23;AZ;RM;A;14.0
2024-12-23;AZ;RM;B;98.0
2024-12-23;AZ;RM;C;75.0
2024-12-23;AZ;RM;D;124.0
2024-12-23;AZ;RM;E;75.0
2024-12-23;AZ;RM;F;27.0
2024-12-23;AZ;RM;G;33.0
2024-12-23;KG;RM;A;2.0
2024-12-23;KG;RM;B;9.0
2024-12-23;KG;RM;C;19.0
2024-12-23;KG;RM;D;23.0
2024-12-23;KG;RM;E;17.0
2024-12-23;KG;RM;F;6.0
2024-12-23;KG;RM;G;6.0
2024-12-23;UZ;RM;A;27.0
2024-12-23;UZ;RM;B;81.0
2024-12-23;UZ;RM;C;81.0
2024-12-23;UZ;RM;D;123.0
2024-12-23;UZ;RM;E;80.0
2024-12-23;UZ;RM;F;33.0
2024-12-23;UZ;RM;G;26.0
2024-12-25;AZ;RM;A;45.0
2024-12-25;AZ;RM;B;154.0
2024-12-25;AZ;RM;C;143.0
2024-12-25;AZ;RM;D;172.0
2024-12-25;AZ;RM;E;156.0
2024-12-25;AZ;RM;F;48.0
2024-12-25;AZ;RM;G;64.0
2024-12-25;KG;RM;A;12.0
2024-12-25;KG;RM;B;28.0
2024-12-25;KG;RM;C;33.0
2024-12-25;KG;RM;D;40.0
2024-12-25;KG;RM;E;30.0
2024-12-25;KG;RM;F;9.0
2024-12-25;KG;RM;G;13.0
2024-12-25;UZ;RM;A;51.0
2024-12-25;UZ;RM;B;150.0
2024-12-25;UZ;RM;C;125.0
2024-12-25;UZ;RM;D;186.0
2024-12-25;UZ;RM;E;142.0
2024-12-25;UZ;RM;F;44.0
2024-12-25;UZ;RM;G;48.0
2024-12-26;AZ;RM;A;19.0
2024-12-26;AZ;RM;B;64.0
2024-12-26;AZ;RM;C;62.0
2024-12-26;AZ;RM;D;97.0
2024-12-26;AZ;RM;E;68.0
2024-12-26;AZ;RM;F;25.0
2024-12-26;AZ;RM;G;24.0
2024-12-26;KG;RM;A;4.0
2024-12-26;KG;RM;B;12.0
2024-12-26;KG;RM;C;10.0
2024-12-26;KG;RM;D;15.0
2024-12-26;KG;RM;E;10.0
2024-12-26;KG;RM;F;5.0
2024-12-26;KG;RM;G;5.0
2024-12-26;UZ;RM;A;32.0
2024-12-26;UZ;RM;B;59.0
2024-12-26;UZ;RM;C;48.0
2024-12-26;UZ;RM;D;90.0
2024-12-26;UZ;RM;E;44.0
2024-12-26;UZ;RM;F;23.0
2024-12-26;UZ;RM;G;24.0
2024-12-27;AZ;RM;A;12.0
2024-12-27;AZ;RM;B;73.0
2024-12-27;AZ;RM;C;58.0
2024-12-27;AZ;RM;D;107.0
2024-12-27;AZ;RM;E;69.0
2024-12-27;AZ;RM;F;27.0
2024-12-27;AZ;RM;G;24.0
2024-12-27;KG;RM;A;4.0
2024-12-27;KG;RM;B;12.0
2024-12-27;KG;RM;C;11.0
2024-12-27;KG;RM;D;11.0
2024-12-27;KG;RM;E;15.0
2024-12-27;KG;RM;F;4.0
2024-12-27;KG;RM;G;5.0
2024-12-27;UZ;RM;A;26.0
2024-12-27;UZ;RM;B;81.0
2024-12-27;UZ;RM;C;61.0
2024-12-27;UZ;RM;D;110.0
2024-12-27;UZ;RM;E;65.0
2024-12-27;UZ;RM;F;27.0
2024-12-27;UZ;RM;G;26.0
2024-12-29;AZ;RM;A;54.0
2024-12-29;AZ;RM;B;169.0
2024-12-29;AZ;RM;C;150.0
2024-12-29;AZ;RM;D;199.0
2024-12-29;AZ;RM;E;160.0
2024-12-29;AZ;RM;F;56.0
2024-12-29;AZ;RM;G;76.0
2024-12-29;KG;RM;A;13.0
2024-12-29;KG;RM;B;23.0
2024-12-29;KG;RM;C;25.0
2024-12-29;KG;RM;D;42.0
2024-12-29;KG;RM;E;30.0
2024-12-29;KG;RM;F;7.0
2024-12-29;KG;RM;G;13.0
2024-12-29;UZ;RM;A;72.0
2024-12-29;UZ;RM;B;179.0
2024-12-29;UZ;RM;C;135.0
2024-12-29;UZ;RM;D;195.0
2024-12-29;UZ;RM;E;165.0
2024-12-29;UZ;RM;F;48.0
2024-12-29;UZ;RM;G;64.0
2024-12-30;AZ;RM;A;36.0
2024-12-30;AZ;RM;B;86.0
2024-12-30;AZ;RM;C;77.0
2024-12-30;AZ;RM;D;114.0
2024-12-30;AZ;RM;E;86.0
2024-12-30;AZ;RM;F;22.0
2024-12-30;AZ;RM;G;30.0
2024-12-30;KG;RM;A;6.0
2024-12-30;KG;RM;B;16.0
2024-12-30;KG;RM;C;7.0
2024-12-30;KG;RM;D;20.0
2024-12-30;KG;RM;E;9.0
2024-12-30;KG;RM;G;6.0
2024-12-30;UZ;RM;A;26.0
2024-12-30;UZ;RM;B;89.0
2024-12-30;UZ;RM;C;66.0
2024-12-30;UZ;RM;D;84.0
2024-12-30;UZ;RM;E;64.0
2024-12-30;UZ;RM;F;19.0
2024-12-30;UZ;RM;G;29.0
2025-01-01;AZ;RM;A;43.0
2025-01-01;AZ;RM;B;133.0
2025-01-01;AZ;RM;C;122.0
2025-01-01;AZ;RM;D;214.0
2025-01-01;AZ;RM;E;156.0
2025-01-01;AZ;RM;F;44.0
2025-01-01;AZ;RM;G;55.0
2025-01-01;KG;RM;A;10.0
2025-01-01;KG;RM;B;28.0
2025-01-01;KG;RM;C;23.0
2025-01-01;KG;RM;D;29.0
2025-01-01;KG;RM;E;18.0
2025-01-01;KG;RM;F;9.0
2025-01-01;KG;RM;G;3.0
2025-01-01;UZ;RM;A;54.0
2025-01-01;UZ;RM;B;150.0
2025-01-01;UZ;RM;C;127.0
2025-01-01;UZ;RM;D;203.0
2025-01-01;UZ;RM;E;135.0
2025-01-01;UZ;RM;F;46.0
2025-01-01;UZ;RM;G;62.0
2025-01-03;AZ;RM;A;42.0
2025-01-03;AZ;RM;B;126.0
2025-01-03;AZ;RM;C;122.0
2025-01-03;AZ;RM;D;186.0
2025-01-03;AZ;RM;E;121.0
2025-01-03;AZ;RM;F;53.0
2025-01-03;AZ;RM;G;59.0
2025-01-03;KG;RM;A;11.0
2025-01-03;KG;RM;B;21.0
2025-01-03;KG;RM;C;13.0
2025-01-03;KG;RM;D;17.0
2025-01-03;KG;RM;E;18.0
2025-01-03;KG;RM;F;8.0
2025-01-03;KG;RM;G;12.0
2025-01-03;UZ;RM;A;57.0
2025-01-03;UZ;RM;B;138.0
2025-01-03;UZ;RM;C;100.0
2025-01-03;UZ;RM;D;196.0
2025-01-03;UZ;RM;E;122.0
2025-01-03;UZ;RM;F;40.0
2025-01-03;UZ;RM;G;46.0
2025-01-05;AZ;RM;A;49.0
2025-01-05;AZ;RM;B;191.0
2025-01-05;AZ;RM;C;133.0
2025-01-05;AZ;RM;D;225.0
2025-01-05;AZ;RM;E;152.0
2025-01-05;AZ;RM;F;57.0
2025-01-05;AZ;RM;G;83.0
2025-01-05;KG;RM;A;16.0
2025-01-05;KG;RM;B;36.0
2025-01-05;KG;RM;C;33.0
2025-01-05;KG;RM;D;37.0
2025-01-05;KG;RM;E;20.0
2025-01-05;KG;RM;F;8.0
2025-01-05;KG;RM;G;15.0
2025-01-05;UZ;RM;A;68.0
2025-01-05;UZ;RM;B;174.0
2025-01-05;UZ;RM;C;135.0
2025-01-05;UZ;RM;D;212.0
2025-01-05;UZ;RM;E;116.0
2025-01-05;UZ;RM;F;55.0
2025-01-05;UZ;RM;G;59.0
2025-01-06;AZ;RM;A;16.0
2025-01-06;AZ;RM;B;78.0
2025-01-06;AZ;RM;C;64.0
2025-01-06;AZ;RM;D;120.0
2025-01-06;AZ;RM;E;56.0
2025-01-06;AZ;RM;F;16.0
2025-01-06;AZ;RM;G;24.0
2025-01-06;KG;RM;A;2.0
2025-01-06;KG;RM;B;10.0
2025-01-06;KG;RM;C;7.0
2025-01-06;KG;RM;D;21.0
2025-01-06;KG;RM;E;14.0
2025-01-06;KG;RM;F;9.0
2025-01-06;KG;RM;G;3.0
2025-01-06;UZ;RM;A;23.0
2025-01-06;UZ;RM;B;68.0
2025-01-06;UZ;RM;C;43.0
2025-01-06;UZ;RM;D;76.0
2025-01-06;UZ;RM;E;50.0
2025-01-06;UZ;RM;F;21.0
2025-01-06;UZ;RM;G;15.0
2025-01-08;AZ;RM;A;56.0
2025-01-08;AZ;RM;B;200.0
2025-01-08;AZ;RM;C;180.0
2025-01-08;AZ;RM;D;290.0
2025-01-08;AZ;RM;E;175.0
2025-01-08;AZ;RM;F;50.0
2025-01-08;AZ;RM;G;85.0
2025-01-08;KG;RM;A;7.0
2025-01-08;KG;RM;B;36.0
2025-01-08;KG;RM;C;29.0
2025-01-08;KG;RM;D;38.0
2025-01-08;KG;RM;E;20.0
2025-01-08;KG;RM;F;15.0
2025-01-08;KG;RM;G;9.0
2025-01-08;UZ;RM;A;50.0
2025-01-08;UZ;RM;B;146.0
2025-01-08;UZ;RM;C;148.0
2025-01-08;UZ;RM;D;234.0
2025-01-08;UZ;RM;E;140.0
2025-01-08;UZ;RM;F;54.0
2025-01-08;UZ;RM;G;67.0
2025-01-10;AZ;RM;A;38.0
2025-01-10;AZ;RM;B;193.0
2025-01-10;AZ;RM;C;158.0
2025-01-10;AZ;RM;D;285.0
2025-01-10;AZ;RM;E;195.0
2025-01-10;AZ;RM;F;67.0
2025-01-10;AZ;RM;G;67.0
2025-01-10;KG;RM;A;3.0
2025-01-10;KG;RM;B;32.0
2025-01-10;KG;RM;C;29.0
2025-01-10;KG;RM;D;31.0
2025-01-10;KG;RM;E;26.0
2025-01-10;KG;RM;F;12.0
2025-01-10;KG;RM;G;18.0
2025-01-10;UZ;RM;A;59.0
2025-01-10;UZ;RM;B;196.0
2025-01-10;UZ;RM;C;156.0
2025-01-10;UZ;RM;D;242.0
2025-01-10;UZ;RM;E;134.0
2025-01-10;UZ;RM;F;58.0
2025-01-10;UZ;RM;G;60.0
2025-01-12;AZ;RM;A;61.0
2025-01-12;AZ;RM;B;242.0
2025-01-12;AZ;RM;C;172.0
2025-01-12;AZ;RM;D;318.0
2025-01-12;AZ;RM;E;247.0
2025-01-12;AZ;RM;F;77.0
2025-01-12;AZ;RM;G;100.0
2025-01-12;KG;RM;A;16.0
2025-01-12;KG;RM;B;39.0
2025-01-12;KG;RM;C;35.0
2025-01-12;KG;RM;D;53.0
2025-01-12;KG;RM;E;41.0
2025-01-12;KG;RM;F;19.0
2025-01-12;KG;RM;G;14.0
2025-01-12;UZ;RM;A;71.0
2025-01-12;UZ;RM;B;265.0
2025-01-12;UZ;RM;C;188.0
2025-01-12;UZ;RM;D;313.0
2025-01-12;UZ;RM;E;198.0
2025-01-12;UZ;RM;F;70.0
2025-01-12;UZ;RM;G;68.0
2025-01-13;AZ;RM;A;35.0
2025-01-13;AZ;RM;B;125.0
2025-01-13;AZ;RM;C;75.0
2025-01-13;AZ;RM;D;137.0
2025-01-13;AZ;RM;E;96.0
2025-01-13;AZ;RM;F;34.0
2025-01-13;AZ;RM;G;32.0
2025-01-13;KG;RM;A;8.0
2025-01-13;KG;RM;B;22.0
2025-01-13;KG;RM;C;22.0
2025-01-13;KG;RM;D;22.0
2025-01-13;KG;RM;E;23.0
2025-01-13;KG;RM;F;5.0
2025-01-13;KG;RM;G;6.0
2025-01-13;UZ;RM;A;44.0
2025-01-13;UZ;RM;B;112.0
2025-01-13;UZ;RM;C;115.0
2025-01-13;UZ;RM;D;132.0
2025-01-13;UZ;RM;E;83.0
2025-01-13;UZ;RM;F;27.0
2025-01-13;UZ;RM;G;37.0
2025-01-15;AZ;RM;A;51.0
2025-01-15;AZ;RM;B;178.0
2025-01-15;AZ;RM;C;154.0
2025-01-15;AZ;RM;D;227.0
2025-01-15;AZ;RM;E;178.0
2025-01-15;AZ;RM;F;44.0
2025-01-15;AZ;RM;G;87.0
2025-01-15;KG;RM;A;11.0
2025-01-15;KG;RM;B;41.0
2025-01-15;KG;RM;C;20.0
2025-01-15;KG;RM;D;41.0
2025-01-15;KG;RM;E;27.0
2025-01-15;KG;RM;F;10.0
2025-01-15;KG;RM;G;11.0
2025-01-15;UZ;RM;A;83.0
2025-01-15;UZ;RM;B;218.0
2025-01-15;UZ;RM;C;179.0
2025-01-15;UZ;RM;D;209.0
2025-01-15;UZ;RM;E;166.0
2025-01-15;UZ;RM;F;77.0
2025-01-15;UZ;RM;G;71.0
2025-01-17;AZ;RM;A;46.0
2025-01-17;AZ;RM;B;183.0
2025-01-17;AZ;RM;C;122.0
2025-01-17;AZ;RM;D;191.0
2025-01-17;AZ;RM;E;158.0
2025-01-17;AZ;RM;F;71.0
2025-01-17;AZ;RM;G;71.0
2025-01-17;KG;RM;A;19.0
2025-01-17;KG;RM;B;35.0
2025-01-17;KG;RM;C;26.0
2025-01-17;KG;RM;D;37.0
2025-01-17;KG;RM;E;21.0
2025-01-17;KG;RM;F;11.0
2025-01-17;KG;RM;G;13.0
2025-01-17;UZ;RM;A;55.0
2025-01-17;UZ;RM;B;201.0
2025-01-17;UZ;RM;C;145.0
2025-01-17;UZ;RM;D;214.0
2025-01-17;UZ;RM;E;144.0
2025-01-17;UZ;RM;F;39.0
2025-01-17;UZ;RM;G;50.0
2025-01-19;AZ;RM;A;55.0
2025-01-19;AZ;RM;B;173.0
2025-01-19;AZ;RM;C;126.0
2025-01-19;AZ;RM;D;262.0
2025-01-19;AZ;RM;E;195.0
2025-01-19;AZ;RM;F;87.0
2025-01-19;AZ;RM;G;90.0
2025-01-19;KG;RM;A;10.0
2025-01-19;KG;RM;B;43.0
2025-01-19;KG;RM;C;33.0
2025-01-19;KG;RM;D;50.0
2025-01-19;KG;RM;E;26.0
2025-01-19;KG;RM;F;8.0
2025-01-19;KG;RM;G;5.0
2025-01-19;UZ;RM;A;61.0
2025-01-19;UZ;RM;B;210.0
2025-01-19;UZ;RM;C;152.0
2025-01-19;UZ;RM;D;242.0
2025-01-19;UZ;RM;E;150.0
2025-01-19;UZ;RM;F;42.0
2025-01-19;UZ;RM;G;51.0
2025-01-20;AZ;RM;A;26.0
2025-01-20;AZ;RM;B;65.0
2025-01-20;AZ;RM;C;67.0
2025-01-20;AZ;RM;D;117.0
2025-01-20;AZ;RM;E;66.0
2025-01-20;AZ;RM;F;32.0
2025-01-20;AZ;RM;G;28.0
2025-01-20;KG;RM;A;6.0
2025-01-20;KG;RM;B;20.0
2025-01-20;KG;RM;C;13.0
2025-01-20;KG;RM;D;19.0
2025-01-20;KG;RM;E;14.0
2025-01-20;KG;RM;F;6.0
2025-01-20;KG;RM;G;6.0
2025-01-20;UZ;RM;A;31.0
2025-01-20;UZ;RM;B;87.0
2025-01-20;UZ;RM;C;53.0
2025-01-20;UZ;RM;D;114.0
2025-01-20;UZ;RM;E;60.0
2025-01-20;UZ;RM;F;28.0
2025-01-20;UZ;RM;G;34.0
2025-01-22;AZ;RM;A;44.0
2025-01-22;AZ;RM;B;174.0
2025-01-22;AZ;RM;C;114.0
2025-01-22;AZ;RM;D;225.0
2025-01-22;AZ;RM;E;159.0
2025-01-22;AZ;RM;F;48.0
2025-01-22;AZ;RM;G;76.0
2025-01-22;KG;RM;A;7.0
2025-01-22;KG;RM;B;29.0
2025-01-22;KG;RM;C;23.0
2025-01-22;KG;RM;D;39.0
2025-01-22;KG;RM;E;31.0
2025-01-22;KG;RM;F;8.0
2025-01-22;KG;RM;G;14.0
2025-01-22;UZ;RM;A;82.0
2025-01-22;UZ;RM;B;191.0
2025-01-22;UZ;RM;C;165.0
2025-01-22;UZ;RM;D;223.0
2025-01-22;UZ;RM;E;156.0
2025-01-22;UZ;RM;F;51.0
2025-01-22;UZ;RM;G;62.0
2025-01-24;AZ;RM;A;43.0
2025-01-24;AZ;RM;B;146.0
2025-01-24;AZ;RM;C;111.0
2025-01-24;AZ;RM;D;163.0
2025-01-24;AZ;RM;E;133.0
2025-01-24;AZ;RM;F;42.0
2025-01-24;AZ;RM;G;50.0
2025-01-24;KG;RM;A;6.0
2025-01-24;KG;RM;B;26.0
2025-01-24;KG;RM;C;25.0
2025-01-24;KG;RM;D;24.0
2025-01-24;KG;RM;E;24.0
2025-01-24;KG;RM;F;9.0
2025-01-24;KG;RM;G;10.0
2025-01-24;UZ;RM;A;68.0
2025-01-24;UZ;RM;B;176.0
2025-01-24;UZ;RM;C;136.0
2025-01-24;UZ;RM;D;195.0
2025-01-24;UZ;RM;E;109.0
2025-01-24;UZ;RM;F;42.0
2025-01-24;UZ;RM;G;56.0
2025-01-26;AZ;RM;A;58.0
2025-01-26;AZ;RM;B;184.0
2025-01-26;AZ;RM;C;138.0
2025-01-26;AZ;RM;D;255.0
2025-01-26;AZ;RM;E;165.0
2025-01-26;AZ;RM;F;56.0
2025-01-26;AZ;RM;G;70.0
2025-01-26;KG;RM;A;12.0
2025-01-26;KG;RM;B;31.0
2025-01-26;KG;RM;C;22.0
2025-01-26;KG;RM;D;33.0
2025-01-26;KG;RM;E;40.0
2025-01-26;KG;RM;F;11.0
2025-01-26;KG;RM;G;21.0
2025-01-26;UZ;RM;A;64.0
2025-01-26;UZ;RM;B;211.0
2025-01-26;UZ;RM;C;156.0
2025-01-26;UZ;RM;D;226.0
2025-01-26;UZ;RM;E;172.0
2025-01-26;UZ;RM;F;42.0
2025-01-26;UZ;RM;G;54.0
2025-01-31;AZ;RM;A;63.0
2025-01-31;AZ;RM;B;216.0
2025-01-31;AZ;RM;C;178.0
2025-01-31;AZ;RM;D;246.0
2025-01-31;AZ;RM;E;188.0
2025-01-31;AZ;RM;F;61.0
2025-01-31;AZ;RM;G;61.0
2025-01-31;KG;RM;A;9.0
2025-01-31;KG;RM;B;51.0
2025-01-31;KG;RM;C;36.0
2025-01-31;KG;RM;D;37.0
2025-01-31;KG;RM;E;32.0
2025-01-31;KG;RM;F;11.0
2025-01-31;KG;RM;G;12.0
2025-01-31;UZ;RM;A;77.0
2025-01-31;UZ;RM;B;257.0
2025-01-31;UZ;RM;C;171.0
2025-01-31;UZ;RM;D;297.0
2025-01-31;UZ;RM;E;190.0
2025-01-31;UZ;RM;F;65.0
2025-01-31;UZ;RM;G;76.0
2025-02-02;AZ;RM;A;30.0
2025-02-02;AZ;RM;B;137.0
2025-02-02;AZ;RM;C;95.0
2025-02-02;AZ;RM;D;167.0
2025-02-02;AZ;RM;E;118.0
2025-02-02;AZ;RM;F;42.0
2025-02-02;AZ;RM;G;49.0
2025-02-02;KG;RM;A;8.0
2025-02-02;KG;RM;B;27.0
2025-02-02;KG;RM;C;22.0
2025-02-02;KG;RM;D;17.0
2025-02-02;KG;RM;E;19.0
2025-02-02;KG;RM;F;11.0
2025-02-02;KG;RM;G;9.0
2025-02-02;UZ;RM;A;40.0
2025-02-02;UZ;RM;B;150.0
2025-02-02;UZ;RM;C;130.0
2025-02-02;UZ;RM;D;172.0
2025-02-02;UZ;RM;E;107.0
2025-02-02;UZ;RM;F;38.0
2025-02-02;UZ;RM;G;34.0
2025-02-03;AZ;RM;A;9.0
2025-02-03;AZ;RM;B;47.0
2025-02-03;AZ;RM;C;35.0
2025-02-03;AZ;RM;D;82.0
2025-02-03;AZ;RM;E;38.0
2025-02-03;AZ;RM;F;18.0
2025-02-03;AZ;RM;G;20.0
2025-02-03;KG;RM;A;4.0
2025-02-03;KG;RM;B;8.0
2025-02-03;KG;RM;C;4.0
2025-02-03;KG;RM;D;8.0
2025-02-03;KG;RM;E;6.0
2025-02-03;KG;RM;F;5.0
2025-02-03;KG;RM;G;4.0
2025-02-03;UZ;RM;A;12.0
2025-02-03;UZ;RM;B;40.0
2025-02-03;UZ;RM;C;49.0
2025-02-03;UZ;RM;D;63.0
2025-02-03;UZ;RM;E;28.0
2025-02-03;UZ;RM;F;15.0
2025-02-03;UZ;RM;G;10.0
2025-02-05;AZ;RM;A;34.0
2025-02-05;AZ;RM;B;73.0
2025-02-05;AZ;RM;C;77.0
2025-02-05;AZ;RM;D;141.0
2025-02-05;AZ;RM;E;76.0
2025-02-05;AZ;RM;F;18.0
2025-02-05;AZ;RM;G;28.0
2025-02-05;KG;RM;A;10.0
2025-02-05;KG;RM;B;12.0
2025-02-05;KG;RM;C;12.0
2025-02-05;KG;RM;D;19.0
2025-02-05;KG;RM;E;14.0
2025-02-05;KG;RM;F;4.0
2025-02-05;KG;RM;G;3.0
2025-02-05;UZ;RM;A;32.0
2025-02-05;UZ;RM;B;68.0
2025-02-05;UZ;RM;C;62.0
2025-02-05;UZ;RM;D;123.0
2025-02-05;UZ;RM;E;76.0
2025-02-05;UZ;RM;F;15.0
2025-02-05;UZ;RM;G;11.0
2025-02-07;AZ;RM;A;20.0
2025-02-07;AZ;RM;B;84.0
2025-02-07;AZ;RM;C;73.0
2025-02-07;AZ;RM;D;115.0
2025-02-07;AZ;RM;E;71.0
2025-02-07;AZ;RM;F;26.0
2025-02-07;AZ;RM;G;31.0
2025-02-07;KG;RM;A;4.0
2025-02-07;KG;RM;B;13.0
2025-02-07;KG;RM;C;16.0
2025-02-07;KG;RM;D;26.0
2025-02-07;KG;RM;E;16.0
2025-02-07;KG;RM;F;3.0
2025-02-07;KG;RM;G;3.0
2025-02-07;UZ;RM;A;22.0
2025-02-07;UZ;RM;B;83.0
2025-02-07;UZ;RM;C;83.0
2025-02-07;UZ;RM;D;112.0
2025-02-07;UZ;RM;E;69.0
2025-02-07;UZ;RM;F;20.0
2025-02-07;UZ;RM;G;22.0
2025-02-09;AZ;RM;A;52.0
2025-02-09;AZ;RM;B;168.0
2025-02-09;AZ;RM;C;142.0
2025-02-09;AZ;RM;D;204.0
2025-02-09;AZ;RM;E;139.0
2025-02-09;AZ;RM;F;62.0
2025-02-09;AZ;RM;G;55.0
2025-02-09;KG;RM;A;9.0
2025-02-09;KG;RM;B;36.0
2025-02-09;KG;RM;C;22.0
2025-02-09;KG;RM;D;27.0
2025-02-09;KG;RM;E;28.0
2025-02-09;KG;RM;F;5.0
2025-02-09;KG;RM;G;9.0
2025-02-09;UZ;RM;A;42.0
2025-02-09;UZ;RM;B;172.0
2025-02-09;UZ;RM;C;128.0
2025-02-09;UZ;RM;D;201.0
2025-02-09;UZ;RM;E;107.0
2025-02-09;UZ;RM;F;37.0
2025-02-09;UZ;RM;G;36.0
2025-02-10;AZ;RM;A;55.0
2025-02-10;AZ;RM;B;196.0
2025-02-10;AZ;RM;C;168.0
2025-02-10;AZ;RM;D;257.0
2025-02-10;AZ;RM;E;164.0
2025-02-10;AZ;RM;F;57.0
2025-02-10;AZ;RM;G;78.0
2025-02-10;KG;RM;A;9.0
2025-02-10;KG;RM;B;32.0
2025-02-10;KG;RM;C;31.0
2025-02-10;KG;RM;D;35.0
2025-02-10;KG;RM;E;22.0
2025-02-10;KG;RM;F;12.0
2025-02-10;KG;RM;G;6.0
2025-02-10;UZ;RM;A;64.0
2025-02-10;UZ;RM;B;178.0
2025-02-10;UZ;RM;C;157.0
2025-02-10;UZ;RM;D;231.0
2025-02-10;UZ;RM;E;165.0
2025-02-10;UZ;RM;F;50.0
2025-02-10;UZ;RM;G;47.0
2025-02-12;AZ;RM;A;89.0
2025-02-12;AZ;RM;B;307.0
2025-02-12;AZ;RM;C;275.0
2025-02-12;AZ;RM;D;448.0
2025-02-12;AZ;RM;E;300.0
2025-02-12;AZ;RM;F;106.0
2025-02-12;AZ;RM;G;132.0
2025-02-12;KG;RM;A;18.0
2025-02-12;KG;RM;B;81.0
2025-02-12;KG;RM;C;49.0
2025-02-12;KG;RM;D;73.0
2025-02-12;KG;RM;E;49.0
2025-02-12;KG;RM;F;19.0
2025-02-12;KG;RM;G;22.0
2025-02-12;UZ;RM;A;135.0
2025-02-12;UZ;RM;B;355.0
2025-02-12;UZ;RM;C;228.0
2025-02-12;UZ;RM;D;342.0
2025-02-12;UZ;RM;E;235.0
2025-02-12;UZ;RM;F;63.0
2025-02-12;UZ;RM;G;101.0
2025-02-14;AZ;RM;A;72.0
2025-02-14;AZ;RM;B;241.0
2025-02-14;AZ;RM;C;176.0
2025-02-14;AZ;RM;D;307.0
2025-02-14;AZ;RM;E;242.0
2025-02-14;AZ;RM;F;76.0
2025-02-14;AZ;RM;G;74.0
2025-02-14;KG;RM;A;22.0
2025-02-14;KG;RM;B;44.0
2025-02-14;KG;RM;C;44.0
2025-02-14;KG;RM;D;55.0
2025-02-14;KG;RM;E;35.0
2025-02-14;KG;RM;F;20.0
2025-02-14;KG;RM;G;15.0
2025-02-14;UZ;RM;A;103.0
2025-02-14;UZ;RM;B;263.0
2025-02-14;UZ;RM;C;208.0
2025-02-14;UZ;RM;D;305.0
2025-02-14;UZ;RM;E;219.0
2025-02-14;UZ;RM;F;53.0
2025-02-14;UZ;RM;G;87.0
2025-02-16;AZ;RM;A;78.0
2025-02-16;AZ;RM;B;231.0
2025-02-16;AZ;RM;C;195.0
2025-02-16;AZ;RM;D;282.0
2025-02-16;AZ;RM;E;213.0
2025-02-16;AZ;RM;F;78.0
2025-02-16;AZ;RM;G;82.0
2025-02-16;KG;RM;A;23.0
2025-02-16;KG;RM;B;51.0
2025-02-16;KG;RM;C;27.0
2025-02-16;KG;RM;D;64.0
2025-02-16;KG;RM;E;30.0
2025-02-16;KG;RM;F;20.0
2025-02-16;KG;RM;G;14.0
2025-02-16;UZ;RM;A;115.0
2025-02-16;UZ;RM;B;251.0
2025-02-16;UZ;RM;C;185.0
2025-02-16;UZ;RM;D;245.0
2025-02-16;UZ;RM;E;195.0
2025-02-16;UZ;RM;F;54.0
2025-02-16;UZ;RM;G;88.0
2025-02-17;AZ;RM;A;41.0
2025-02-17;AZ;RM;B;129.0
2025-02-17;AZ;RM;C;109.0
2025-02-17;AZ;RM;D;129.0
2025-02-17;AZ;RM;E;125.0
2025-02-17;AZ;RM;F;24.0
2025-02-17;AZ;RM;G;43.0
2025-02-17;KG;RM;A;4.0
2025-02-17;KG;RM;B;27.0
2025-02-17;KG;RM;C;22.0
2025-02-17;KG;RM;D;31.0
2025-02-17;KG;RM;E;16.0
2025-02-17;KG;RM;F;6.0
2025-02-17;KG;RM;G;9.0
2025-02-17;UZ;RM;A;41.0
2025-02-17;UZ;RM;B;99.0
2025-02-17;UZ;RM;C;74.0
2025-02-17;UZ;RM;D;111.0
2025-02-17;UZ;RM;E;73.0
2025-02-17;UZ;RM;F;26.0
2025-02-17;UZ;RM;G;34.0
2025-02-19;AZ;RM;A;53.0
2025-02-19;AZ;RM;B;172.0
2025-02-19;AZ;RM;C;118.0
2025-02-19;AZ;RM;D;227.0
2025-02-19;AZ;RM;E;158.0
2025-02-19;AZ;RM;F;54.0
2025-02-19;AZ;RM;G;57.0
2025-02-19;KG;RM;A;13.0
2025-02-19;KG;RM;B;28.0
2025-02-19;KG;RM;C;34.0
2025-02-19;KG;RM;D;26.0
2025-02-19;KG;RM;E;23.0
2025-02-19;KG;RM;F;11.0
2025-02-19;KG;RM;G;17.0
2025-02-19;UZ;RM;A;58.0
2025-02-19;UZ;RM;B;177.0
2025-02-19;UZ;RM;C;129.0
2025-02-19;UZ;RM;D;213.0
2025-02-19;UZ;RM;E;135.0
2025-02-19;UZ;RM;F;42.0
2025-02-19;UZ;RM;G;55.0
2025-02-21;AZ;RM;A;45.0
2025-02-21;AZ;RM;B;143.0
2025-02-21;AZ;RM;C;122.0
2025-02-21;AZ;RM;D;197.0
2025-02-21;AZ;RM;E;167.0
2025-02-21;AZ;RM;F;54.0
2025-02-21;AZ;RM;G;57.0
2025-02-21;KG;RM;A;10.0
2025-02-21;KG;RM;B;23.0
2025-02-21;KG;RM;C;23.0
2025-02-21;KG;RM;D;29.0
2025-02-21;KG;RM;E;11.0
2025-02-21;KG;RM;F;10.0
2025-02-21;KG;RM;G;12.0
2025-02-21;UZ;RM;A;54.0
2025-02-21;UZ;RM;B;123.0
2025-02-21;UZ;RM;C;117.0
2025-02-21;UZ;RM;D;192.0
2025-02-21;UZ;RM;E;104.0
2025-02-21;UZ;RM;F;44.0
2025-02-21;UZ;RM;G;47.0
2025-02-23;AZ;RM;A;53.0
2025-02-23;AZ;RM;B;214.0
2025-02-23;AZ;RM;C;162.0
2025-02-23;AZ;RM;D;251.0
2025-02-23;AZ;RM;E;167.0
2025-02-23;AZ;RM;F;55.0
2025-02-23;AZ;RM;G;63.0
2025-02-23;KG;RM;A;19.0
2025-02-23;KG;RM;B;32.0
2025-02-23;KG;RM;C;31.0
2025-02-23;KG;RM;D;37.0
2025-02-23;KG;RM;E;26.0
2025-02-23;KG;RM;F;8.0
2025-02-23;KG;RM;G;12.0
2025-02-23;UZ;RM;A;60.0
2025-02-23;UZ;RM;B;222.0
2025-02-23;UZ;RM;C;183.0
2025-02-23;UZ;RM;D;180.0
2025-02-23;UZ;RM;E;163.0
2025-02-23;UZ;RM;F;63.0
2025-02-23;UZ;RM;G;52.0
2025-02-24;AZ;RM;A;83.0
2025-02-24;AZ;RM;B;112.0
2025-02-24;AZ;RM;C;105.0
2025-02-24;AZ;RM;D;99.0
2025-02-24;AZ;RM;E;66.0
2025-02-24;AZ;RM;F;26.0
2025-02-24;AZ;RM;G;29.0
2025-02-24;KG;RM;A;14.0
2025-02-24;KG;RM;B;26.0
2025-02-24;KG;RM;C;18.0
2025-02-24;KG;RM;D;18.0
2025-02-24;KG;RM;E;17.0
2025-02-24;KG;RM;F;5.0
2025-02-24;KG;RM;G;2.0
2025-02-24;UZ;RM;A;37.0
2025-02-24;UZ;RM;B;43.0
2025-02-24;UZ;RM;C;49.0
2025-02-24;UZ;RM;D;38.0
2025-02-24;UZ;RM;E;37.0
2025-02-24;UZ;RM;F;12.0
2025-02-24;UZ;RM;G;10.0
2025-02-26;AZ;RM;A;33.0
2025-02-26;AZ;RM;B;81.0
2025-02-26;AZ;RM;C;80.0
2025-02-26;AZ;RM;D;100.0
2025-02-26;AZ;RM;E;89.0
2025-02-26;AZ;RM;F;31.0
2025-02-26;AZ;RM;G;38.0
2025-02-26;KG;RM;A;6.0
2025-02-26;KG;RM;B;9.0
2025-02-26;KG;RM;C;17.0
2025-02-26;KG;RM;D;16.0
2025-02-26;KG;RM;E;15.0
2025-02-26;KG;RM;F;7.0
2025-02-26;KG;RM;G;3.0
2025-02-26;UZ;RM;A;17.0
2025-02-26;UZ;RM;B;46.0
2025-02-26;UZ;RM;C;36.0
2025-02-26;UZ;RM;D;43.0
2025-02-26;UZ;RM;E;43.0
2025-02-26;UZ;RM;F;15.0
2025-02-26;UZ;RM;G;18.0
2025-02-28;AZ;RM;A;74.0
2025-02-28;AZ;RM;B;246.0
2025-02-28;AZ;RM;C;165.0
2025-02-28;AZ;RM;D;278.0
2025-02-28;AZ;RM;E;200.0
2025-02-28;AZ;RM;F;59.0
2025-02-28;AZ;RM;G;74.0
2025-02-28;KG;RM;A;27.0
2025-02-28;KG;RM;B;50.0
2025-02-28;KG;RM;C;42.0
2025-02-28;KG;RM;D;48.0
2025-02-28;KG;RM;E;37.0
2025-02-28;KG;RM;F;13.0
2025-02-28;KG;RM;G;12.0
2025-02-28;UZ;RM;A;37.0
2025-02-28;UZ;RM;B;111.0
2025-02-28;UZ;RM;C;83.0
2025-02-28;UZ;RM;D;118.0
2025-02-28;UZ;RM;E;87.0
2025-02-28;UZ;RM;F;32.0
2025-02-28;UZ;RM;G;39.0
2025-03-02;AZ;RM;A;51.0
2025-03-02;AZ;RM;B;160.0
2025-03-02;AZ;RM;C;148.0
2025-03-02;AZ;RM;D;226.0
2025-03-02;AZ;RM;E;176.0
2025-03-02;AZ;RM;F;58.0
2025-03-02;AZ;RM;G;55.0
2025-03-02;KG;RM;A;22.0
2025-03-02;KG;RM;B;48.0
2025-03-02;KG;RM;C;43.0
2025-03-02;KG;RM;D;33.0
2025-03-02;KG;RM;E;31.0
2025-03-02;KG;RM;F;12.0
2025-03-02;KG;RM;G;10.0
2025-03-02;UZ;RM;A;68.0
2025-03-02;UZ;RM;B;194.0
2025-03-02;UZ;RM;C;134.0
2025-03-02;UZ;RM;D;199.0
2025-03-02;UZ;RM;E;159.0
2025-03-02;UZ;RM;F;53.0
2025-03-02;UZ;RM;G;47.0
2025-03-03;AZ;RM;A;19.0
2025-03-03;AZ;RM;B;69.0
2025-03-03;AZ;RM;C;55.0
2025-03-03;AZ;RM;D;82.0
2025-03-03;AZ;RM;E;50.0
2025-03-03;AZ;RM;F;38.0
2025-03-03;AZ;RM;G;28.0
2025-03-03;KG;RM;A;6.0
2025-03-03;KG;RM;B;18.0
2025-03-03;KG;RM;C;11.0
2025-03-03;KG;RM;D;20.0
2025-03-03;KG;RM;E;11.0
2025-03-03;KG;RM;F;4.0
2025-03-03;KG;RM;G;6.0
2025-03-03;UZ;RM;A;23.0
2025-03-03;UZ;RM;B;89.0
2025-03-03;UZ;RM;C;47.0
2025-03-03;UZ;RM;D;87.0
2025-03-03;UZ;RM;E;51.0
2025-03-03;UZ;RM;F;25.0
2025-03-03;UZ;RM;G;12.0
2025-03-05;AZ;RM;A;17.0
2025-03-05;AZ;RM;B;76.0
2025-03-05;AZ;RM;C;69.0
2025-03-05;AZ;RM;D;94.0
2025-03-05;AZ;RM;E;64.0
2025-03-05;AZ;RM;F;18.0
2025-03-05;AZ;RM;G;37.0
2025-03-05;KG;RM;A;4.0
2025-03-05;KG;RM;B;8.0
2025-03-05;KG;RM;C;11.0
2025-03-05;KG;RM;D;16.0
2025-03-05;KG;RM;E;18.0
2025-03-05;KG;RM;F;4.0
2025-03-05;KG;RM;G;3.0
2025-03-05;UZ;RM;A;20.0
2025-03-05;UZ;RM;B;56.0
2025-03-05;UZ;RM;C;52.0
2025-03-05;UZ;RM;D;85.0
2025-03-05;UZ;RM;E;59.0
2025-03-05;UZ;RM;F;24.0
2025-03-05;UZ;RM;G;20.0
2025-03-06;AZ;RM;A;20.0
2025-03-06;AZ;RM;B;68.0
2025-03-06;AZ;RM;C;64.0
2025-03-06;AZ;RM;D;63.0
2025-03-06;AZ;RM;E;59.0
2025-03-06;AZ;RM;F;16.0
2025-03-06;AZ;RM;G;18.0
2025-03-06;KG;RM;A;14.0
2025-03-06;KG;RM;B;18.0
2025-03-06;KG;RM;C;7.0
2025-03-06;KG;RM;D;16.0
2025-03-06;KG;RM;E;11.0
2025-03-06;KG;RM;F;6.0
2025-03-06;KG;RM;G;5.0
2025-03-06;UZ;RM;A;32.0
2025-03-06;UZ;RM;B;78.0
2025-03-06;UZ;RM;C;60.0
2025-03-06;UZ;RM;D;66.0
2025-03-06;UZ;RM;E;48.0
2025-03-06;UZ;RM;F;18.0
2025-03-06;UZ;RM;G;19.0
2025-03-07;AZ;RM;A;44.0
2025-03-07;AZ;RM;B;158.0
2025-03-07;AZ;RM;C;109.0
2025-03-07;AZ;RM;D;179.0
2025-03-07;AZ;RM;E;139.0
2025-03-07;AZ;RM;F;39.0
2025-03-07;AZ;RM;G;53.0
2025-03-07;KG;RM;A;10.0
2025-03-07;KG;RM;B;27.0
2025-03-07;KG;RM;C;25.0
2025-03-07;KG;RM;D;35.0
2025-03-07;KG;RM;E;24.0
2025-03-07;KG;RM;F;9.0
2025-03-07;KG;RM;G;14.0
2025-03-07;UZ;RM;A;51.0
2025-03-07;UZ;RM;B;142.0
2025-03-07;UZ;RM;C;107.0
2025-03-07;UZ;RM;D;164.0
2025-03-07;UZ;RM;E;83.0
2025-03-07;UZ;RM;F;47.0
2025-03-07;UZ;RM;G;45.0
2025-03-09;AZ;RM;A;46.0
2025-03-09;AZ;RM;B;159.0
2025-03-09;AZ;RM;C;152.0
2025-03-09;AZ;RM;D;231.0
2025-03-09;AZ;RM;E;160.0
2025-03-09;AZ;RM;F;53.0
2025-03-09;AZ;RM;G;73.0
2025-03-09;KG;RM;A;13.0
2025-03-09;KG;RM;B;41.0
2025-03-09;KG;RM;C;26.0
2025-03-09;KG;RM;D;38.0
2025-03-09;KG;RM;E;23.0
2025-03-09;KG;RM;F;17.0
2025-03-09;KG;RM;G;12.0
2025-03-09;UZ;RM;A;70.0
2025-03-09;UZ;RM;B;186.0
2025-03-09;UZ;RM;C;150.0
2025-03-09;UZ;RM;D;218.0
2025-03-09;UZ;RM;E;154.0
2025-03-09;UZ;RM;F;49.0
2025-03-09;UZ;RM;G;57.0
2025-03-10;AZ;RM;A;22.0
2025-03-10;AZ;RM;B;76.0
2025-03-10;AZ;RM;C;75.0
2025-03-10;AZ;RM;D;97.0
2025-03-10;AZ;RM;E;69.0
2025-03-10;AZ;RM;F;36.0
2025-03-10;AZ;RM;G;26.0
2025-03-10;KG;RM;A;7.0
2025-03-10;KG;RM;B;20.0
2025-03-10;KG;RM;C;14.0
2025-03-10;KG;RM;D;18.0
2025-03-10;KG;RM;E;15.0
2025-03-10;KG;RM;F;3.0
2025-03-10;KG;RM;G;5.0
2025-03-10;UZ;RM;A;25.0
2025-03-10;UZ;RM;B;77.0
2025-03-10;UZ;RM;C;72.0
2025-03-10;UZ;RM;D;126.0
2025-03-10;UZ;RM;E;102.0
2025-03-10;UZ;RM;F;29.0
2025-03-10;UZ;RM;G;24.0
2025-03-12;AZ;RM;A;53.0
2025-03-12;AZ;RM;B;153.0
2025-03-12;AZ;RM;C;134.0
2025-03-12;AZ;RM;D;235.0
2025-03-12;AZ;RM;E;149.0
2025-03-12;AZ;RM;F;51.0
2025-03-12;AZ;RM;G;60.0
2025-03-12;KG;RM;A;16.0
2025-03-12;KG;RM;B;32.0
2025-03-12;KG;RM;C;23.0
2025-03-12;KG;RM;D;45.0
2025-03-12;KG;RM;E;29.0
2025-03-12;KG;RM;F;7.0
2025-03-12;KG;RM;G;7.0
2025-03-12;UZ;RM;A;55.0
2025-03-12;UZ;RM;B;174.0
2025-03-12;UZ;RM;C;140.0
2025-03-12;UZ;RM;D;244.0
2025-03-12;UZ;RM;E;141.0
2025-03-12;UZ;RM;F;44.0
2025-03-12;UZ;RM;G;49.0
2025-03-14;AZ;RM;A;51.0
2025-03-14;AZ;RM;B;168.0
2025-03-14;AZ;RM;C;108.0
2025-03-14;AZ;RM;D;181.0
2025-03-14;AZ;RM;E;138.0
2025-03-14;AZ;RM;F;47.0
2025-03-14;AZ;RM;G;63.0
2025-03-14;KG;RM;A;12.0
2025-03-14;KG;RM;B;27.0
2025-03-14;KG;RM;C;27.0
2025-03-14;KG;RM;D;31.0
2025-03-14;KG;RM;E;21.0
2025-03-14;KG;RM;F;14.0
2025-03-14;KG;RM;G;4.0
2025-03-14;UZ;RM;A;63.0
2025-03-14;UZ;RM;B;185.0
2025-03-14;UZ;RM;C;155.0
2025-03-14;UZ;RM;D;235.0
2025-03-14;UZ;RM;E;118.0
2025-03-14;UZ;RM;F;48.0
2025-03-14;UZ;RM;G;44.0
2025-03-16;AZ;RM;A;56.0
2025-03-16;AZ;RM;B;208.0
2025-03-16;AZ;RM;C;142.0
2025-03-16;AZ;RM;D;251.0
2025-03-16;AZ;RM;E;195.0
2025-03-16;AZ;RM;F;61.0
2025-03-16;AZ;RM;G;71.0
2025-03-16;KG;RM;A;14.0
2025-03-16;KG;RM;B;44.0
2025-03-16;KG;RM;C;26.0
2025-03-16;KG;RM;D;29.0
2025-03-16;KG;RM;E;31.0
2025-03-16;KG;RM;F;8.0
2025-03-16;KG;RM;G;17.0
2025-03-16;UZ;RM;A;70.0
2025-03-16;UZ;RM;B;193.0
2025-03-16;UZ;RM;C;174.0
2025-03-16;UZ;RM;D;258.0
2025-03-16;UZ;RM;E;179.0
2025-03-16;UZ;RM;F;55.0
2025-03-16;UZ;RM;G;54.0
2025-03-19;AZ;RM;A;82.0
2025-03-19;AZ;RM;B;249.0
2025-03-19;AZ;RM;C;178.0
2025-03-19;AZ;RM;D;340.0
2025-03-19;AZ;RM;E;252.0
2025-03-19;AZ;RM;F;81.0
2025-03-19;AZ;RM;G;121.0
2025-03-19;KG;RM;A;18.0
2025-03-19;KG;RM;B;48.0
2025-03-19;KG;RM;C;26.0
2025-03-19;KG;RM;D;36.0
2025-03-19;KG;RM;E;42.0
2025-03-19;KG;RM;F;16.0
2025-03-19;KG;RM;G;15.0
2025-03-19;UZ;RM;A;87.0
2025-03-19;UZ;RM;B;212.0
2025-03-19;UZ;RM;C;219.0
2025-03-19;UZ;RM;D;315.0
2025-03-19;UZ;RM;E;217.0
2025-03-19;UZ;RM;F;66.0
2025-03-19;UZ;RM;G;70.0
2025-03-21;AZ;RM;A;39.0
2025-03-21;AZ;RM;B;141.0
2025-03-21;AZ;RM;C;117.0
2025-03-21;AZ;RM;D;177.0
2025-03-21;AZ;RM;E;122.0
2025-03-21;AZ;RM;F;51.0
2025-03-21;AZ;RM;G;62.0
2025-03-21;KG;RM;A;13.0
2025-03-21;KG;RM;B;19.0
2025-03-21;KG;RM;C;17.0
2025-03-21;KG;RM;D;37.0
2025-03-21;KG;RM;E;21.0
2025-03-21;KG;RM;F;10.0
2025-03-21;KG;RM;G;5.0
2025-03-21;UZ;RM;A;48.0
2025-03-21;UZ;RM;B;168.0
2025-03-21;UZ;RM;C;126.0
2025-03-21;UZ;RM;D;180.0
2025-03-21;UZ;RM;E;137.0
2025-03-21;UZ;RM;F;52.0
2025-03-21;UZ;RM;G;46.0
2025-03-22;AZ;RM;A;16.0
2025-03-22;AZ;RM;B;46.0
2025-03-22;AZ;RM;C;42.0
2025-03-22;AZ;RM;D;64.0
2025-03-22;AZ;RM;E;39.0
2025-03-22;AZ;RM;F;17.0
2025-03-22;AZ;RM;G;20.0
2025-03-22;KG;RM;A;9.0
2025-03-22;KG;RM;B;14.0
2025-03-22;KG;RM;C;6.0
2025-03-22;KG;RM;D;13.0
2025-03-22;KG;RM;E;8.0
2025-03-22;KG;RM;F;3.0
2025-03-22;KG;RM;G;3.0
2025-03-22;UZ;RM;A;18.0
2025-03-22;UZ;RM;B;43.0
2025-03-22;UZ;RM;C;46.0
2025-03-22;UZ;RM;D;57.0
2025-03-22;UZ;RM;E;44.0
2025-03-22;UZ;RM;F;20.0
2025-03-22;UZ;RM;G;11.0
2025-03-23;AZ;RM;A;40.0
2025-03-23;AZ;RM;B;146.0
2025-03-23;AZ;RM;C;146.0
2025-03-23;AZ;RM;D;222.0
2025-03-23;AZ;RM;E;173.0
2025-03-23;AZ;RM;F;47.0
2025-03-23;AZ;RM;G;70.0
2025-03-23;KG;RM;A;14.0
2025-03-23;KG;RM;B;31.0
2025-03-23;KG;RM;C;19.0
2025-03-23;KG;RM;D;42.0
2025-03-23;KG;RM;E;22.0
2025-03-23;KG;RM;F;6.0
2025-03-23;KG;RM;G;10.0
2025-03-23;UZ;RM;A;63.0
2025-03-23;UZ;RM;B;185.0
2025-03-23;UZ;RM;C;147.0
2025-03-23;UZ;RM;D;246.0
2025-03-23;UZ;RM;E;178.0
2025-03-23;UZ;RM;F;56.0
2025-03-23;UZ;RM;G;51.0
2025-03-24;AZ;RM;A;28.0
2025-03-24;AZ;RM;B;107.0
2025-03-24;AZ;RM;C;81.0
2025-03-24;AZ;RM;D;138.0
2025-03-24;AZ;RM;E;113.0
2025-03-24;AZ;RM;F;34.0
2025-03-24;AZ;RM;G;47.0
2025-03-24;KG;RM;A;11.0
2025-03-24;KG;RM;B;18.0
2025-03-24;KG;RM;C;10.0
2025-03-24;KG;RM;D;22.0
2025-03-24;KG;RM;E;19.0
2025-03-24;KG;RM;F;4.0
2025-03-24;KG;RM;G;6.0
2025-03-24;UZ;RM;A;25.0
2025-03-24;UZ;RM;B;108.0
2025-03-24;UZ;RM;C;81.0
2025-03-24;UZ;RM;D;128.0
2025-03-24;UZ;RM;E;83.0
2025-03-24;UZ;RM;F;46.0
2025-03-24;UZ;RM;G;39.0
2025-03-26;AZ;RM;A;47.0
2025-03-26;AZ;RM;B;140.0
2025-03-26;AZ;RM;C;139.0
2025-03-26;AZ;RM;D;213.0
2025-03-26;AZ;RM;E;185.0
2025-03-26;AZ;RM;F;53.0
2025-03-26;AZ;RM;G;70.0
2025-03-26;KG;RM;A;11.0
2025-03-26;KG;RM;B;29.0
2025-03-26;KG;RM;C;24.0
2025-03-26;KG;RM;D;33.0
2025-03-26;KG;RM;E;26.0
2025-03-26;KG;RM;F;12.0
2025-03-26;KG;RM;G;10.0
2025-03-26;UZ;RM;A;48.0
2025-03-26;UZ;RM;B;158.0
2025-03-26;UZ;RM;C;136.0
2025-03-26;UZ;RM;D;182.0
2025-03-26;UZ;RM;E;144.0
2025-03-26;UZ;RM;F;55.0
2025-03-26;UZ;RM;G;54.0
2025-03-27;AZ;RM;A;23.0
2025-03-27;AZ;RM;B;83.0
2025-03-27;AZ;RM;C;71.0
2025-03-27;AZ;RM;D;110.0
2025-03-27;AZ;RM;E;85.0
2025-03-27;AZ;RM;F;23.0
2025-03-27;AZ;RM;G;29.0
2025-03-27;KG;RM;A;8.0
2025-03-27;KG;RM;B;18.0
2025-03-27;KG;RM;C;12.0
2025-03-27;KG;RM;D;17.0
2025-03-27;KG;RM;E;16.0
2025-03-27;KG;RM;F;5.0
2025-03-27;KG;RM;G;2.0
2025-03-27;UZ;RM;A;30.0
2025-03-27;UZ;RM;B;75.0
2025-03-27;UZ;RM;C;73.0
2025-03-27;UZ;RM;D;114.0
2025-03-27;UZ;RM;E;73.0
2025-03-27;UZ;RM;F;18.0
2025-03-27;UZ;RM;G;26.0
2025-03-28;AZ;RM;A;50.0
2025-03-28;AZ;RM;B;181.0
2025-03-28;AZ;RM;C;132.0
2025-03-28;AZ;RM;D;218.0
2025-03-28;AZ;RM;E;180.0
2025-03-28;AZ;RM;F;45.0
2025-03-28;AZ;RM;G;58.0
2025-03-28;KG;RM;A;8.0
2025-03-28;KG;RM;B;31.0
2025-03-28;KG;RM;C;18.0
2025-03-28;KG;RM;D;40.0
2025-03-28;KG;RM;E;16.0
2025-03-28;KG;RM;F;9.0
2025-03-28;KG;RM;G;4.0
2025-03-28;UZ;RM;A;51.0
2025-03-28;UZ;RM;B;155.0
2025-03-28;UZ;RM;C;117.0
2025-03-28;UZ;RM;D;226.0
2025-03-28;UZ;RM;E;107.0
2025-03-28;UZ;RM;F;37.0
2025-03-28;UZ;RM;G;55.0
2025-03-29;AZ;RM;A;32.0
2025-03-29;AZ;RM;B;60.0
2025-03-29;AZ;RM;C;39.0
2025-03-29;AZ;RM;D;79.0
2025-03-29;AZ;RM;E;47.0
2025-03-29;AZ;RM;F;18.0
2025-03-29;AZ;RM;G;17.0
2025-03-29;KG;RM;A;7.0
2025-03-29;KG;RM;B;9.0
2025-03-29;KG;RM;C;4.0
2025-03-29;KG;RM;D;17.0
2025-03-29;KG;RM;E;8.0
2025-03-29;KG;RM;F;1.0
2025-03-29;KG;RM;G;2.0
2025-03-29;UZ;RM;A;15.0
2025-03-29;UZ;RM;B;56.0
2025-03-29;UZ;RM;C;57.0
2025-03-29;UZ;RM;D;64.0
2025-03-29;UZ;RM;E;53.0
2025-03-29;UZ;RM;F;11.0
2025-03-29;UZ;RM;G;13.0
2025-03-30;AZ;RM;A;43.0
2025-03-30;AZ;RM;B;149.0
2025-03-30;AZ;RM;C;126.0
2025-03-30;AZ;RM;D;189.0
2025-03-30;AZ;RM;E;161.0
2025-03-30;AZ;RM;F;58.0
2025-03-30;AZ;RM;G;68.0
2025-03-30;KG;RM;A;5.0
2025-03-30;KG;RM;B;31.0
2025-03-30;KG;RM;C;14.0
2025-03-30;KG;RM;D;39.0
2025-03-30;KG;RM;E;33.0
2025-03-30;KG;RM;F;6.0
2025-03-30;KG;RM;G;5.0
2025-03-30;UZ;RM;A;40.0
2025-03-30;UZ;RM;B;105.0
2025-03-30;UZ;RM;C;106.0
2025-03-30;UZ;RM;D;174.0
2025-03-30;UZ;RM;E;132.0
2025-03-30;UZ;RM;F;48.0
2025-03-30;UZ;RM;G;46.0
2025-03-31;AZ;RM;A;30.0
2025-03-31;AZ;RM;B;123.0
2025-03-31;AZ;RM;C;90.0
2025-03-31;AZ;RM;D;176.0
2025-03-31;AZ;RM;E;111.0
2025-03-31;AZ;RM;F;53.0
2025-03-31;AZ;RM;G;36.0
2025-03-31;KG;RM;A;11.0
2025-03-31;KG;RM;B;21.0
2025-03-31;KG;RM;C;16.0
2025-03-31;KG;RM;D;22.0
2025-03-31;KG;RM;E;19.0
2025-03-31;KG;RM;F;5.0
2025-03-31;KG;RM;G;9.0
2025-03-31;UZ;RM;A;42.0
2025-03-31;UZ;RM;B;107.0
2025-03-31;UZ;RM;C;91.0
2025-03-31;UZ;RM;D;152.0
2025-03-31;UZ;RM;E;90.0
2025-03-31;UZ;RM;F;32.0
2025-03-31;UZ;RM;G;31.0
2025-04-02;AZ;RM;A;39.0
2025-04-02;AZ;RM;B;89.0
2025-04-02;AZ;RM;C;78.0
2025-04-02;AZ;RM;D;129.0
2025-04-02;AZ;RM;E;105.0
2025-04-02;AZ;RM;F;40.0
2025-04-02;AZ;RM;G;44.0
2025-04-02;KG;RM;A;8.0
2025-04-02;KG;RM;B;12.0
2025-04-02;KG;RM;C;13.0
2025-04-02;KG;RM;D;17.0
2025-04-02;KG;RM;E;20.0
2025-04-02;KG;RM;F;5.0
2025-04-02;KG;RM;G;11.0
2025-04-02;UZ;RM;A;19.0
2025-04-02;UZ;RM;B;75.0
2025-04-02;UZ;RM;C;61.0
2025-04-02;UZ;RM;D;94.0
2025-04-02;UZ;RM;E;55.0
2025-04-02;UZ;RM;F;22.0
2025-04-02;UZ;RM;G;15.0
2025-04-03;AZ;RM;A;23.0
2025-04-03;AZ;RM;B;98.0
2025-04-03;AZ;RM;C;102.0
2025-04-03;AZ;RM;D;137.0
2025-04-03;AZ;RM;E;103.0
2025-04-03;AZ;RM;F;35.0
2025-04-03;AZ;RM;G;37.0
2025-04-03;KG;RM;A;14.0
2025-04-03;KG;RM;B;13.0
2025-04-03;KG;RM;C;11.0
2025-04-03;KG;RM;D;17.0
2025-04-03;KG;RM;E;12.0
2025-04-03;KG;RM;F;6.0
2025-04-03;KG;RM;G;7.0
2025-04-03;UZ;RM;A;26.0
2025-04-03;UZ;RM;B;114.0
2025-04-03;UZ;RM;C;70.0
2025-04-03;UZ;RM;D;128.0
2025-04-03;UZ;RM;E;74.0
2025-04-03;UZ;RM;F;30.0
2025-04-03;UZ;RM;G;31.0
2025-04-04;AZ;RM;A;43.0
2025-04-04;AZ;RM;B;127.0
2025-04-04;AZ;RM;C;115.0
2025-04-04;AZ;RM;D;178.0
2025-04-04;AZ;RM;E;123.0
2025-04-04;AZ;RM;F;45.0
2025-04-04;AZ;RM;G;33.0
2025-04-04;KG;RM;A;14.0
2025-04-04;KG;RM;B;26.0
2025-04-04;KG;RM;C;20.0
2025-04-04;KG;RM;D;16.0
2025-04-04;KG;RM;E;21.0
2025-04-04;KG;RM;F;11.0
2025-04-04;KG;RM;G;9.0
2025-04-04;UZ;RM;A;76.0
2025-04-04;UZ;RM;B;158.0
2025-04-04;UZ;RM;C;123.0
2025-04-04;UZ;RM;D;192.0
2025-04-04;UZ;RM;E;120.0
2025-04-04;UZ;RM;F;46.0
2025-04-04;UZ;RM;G;34.0
2025-04-05;AZ;RM;A;16.0
2025-04-05;AZ;RM;B;75.0
2025-04-05;AZ;RM;C;50.0
2025-04-05;AZ;RM;D;67.0
2025-04-05;AZ;RM;E;49.0
2025-04-05;AZ;RM;F;22.0
2025-04-05;AZ;RM;G;23.0
2025-04-05;KG;RM;A;11.0
2025-04-05;KG;RM;B;10.0
2025-04-05;KG;RM;C;7.0
2025-04-05;KG;RM;D;8.0
2025-04-05;KG;RM;E;11.0
2025-04-05;KG;RM;F;3.0
2025-04-05;KG;RM;G;3.0
2025-04-05;UZ;RM;A;21.0
2025-04-05;UZ;RM;B;68.0
2025-04-05;UZ;RM;C;64.0
2025-04-05;UZ;RM;D;85.0
2025-04-05;UZ;RM;E;55.0
2025-04-05;UZ;RM;F;20.0
2025-04-05;UZ;RM;G;17.0
2025-04-06;AZ;RM;A;29.0
2025-04-06;AZ;RM;B;68.0
2025-04-06;AZ;RM;C;44.0
2025-04-06;AZ;RM;D;88.0
2025-04-06;AZ;RM;E;73.0
2025-04-06;AZ;RM;F;17.0
2025-04-06;AZ;RM;G;30.0
2025-04-06;KG;RM;A;5.0
2025-04-06;KG;RM;B;14.0
2025-04-06;KG;RM;C;11.0
2025-04-06;KG;RM;D;20.0
2025-04-06;KG;RM;E;13.0
2025-04-06;KG;RM;F;4.0
2025-04-06;KG;RM;G;2.0
2025-04-06;UZ;RM;A;31.0
2025-04-06;UZ;RM;B;61.0
2025-04-06;UZ;RM;C;57.0
2025-04-06;UZ;RM;D;104.0
2025-04-06;UZ;RM;E;60.0
2025-04-06;UZ;RM;F;27.0
2025-04-06;UZ;RM;G;22.0
2025-04-07;AZ;RM;A;26.0
2025-04-07;AZ;RM;B;102.0
2025-04-07;AZ;RM;C;84.0
2025-04-07;AZ;RM;D;148.0
2025-04-07;AZ;RM;E;101.0
2025-04-07;AZ;RM;F;36.0
2025-04-07;AZ;RM;G;39.0
2025-04-07;KG;RM;A;17.0
2025-04-07;KG;RM;B;27.0
2025-04-07;KG;RM;C;10.0
2025-04-07;KG;RM;D;25.0
2025-04-07;KG;RM;E;17.0
2025-04-07;KG;RM;F;7.0
2025-04-07;KG;RM;G;8.0
2025-04-07;UZ;RM;A;44.0
2025-04-07;UZ;RM;B;123.0
2025-04-07;UZ;RM;C;120.0
2025-04-07;UZ;RM;D;153.0
2025-04-07;UZ;RM;E;136.0
2025-04-07;UZ;RM;F;41.0
2025-04-07;UZ;RM;G;42.0
2025-04-09;AZ;RM;A;31.0
2025-04-09;AZ;RM;B;65.0
2025-04-09;AZ;RM;C;56.0
2025-04-09;AZ;RM;D;91.0
2025-04-09;AZ;RM;E;68.0
2025-04-09;AZ;RM;F;22.0
2025-04-09;AZ;RM;G;27.0
2025-04-09;KG;RM;A;12.0
2025-04-09;KG;RM;B;10.0
2025-04-09;KG;RM;C;7.0
2025-04-09;KG;RM;D;12.0
2025-04-09;KG;RM;E;13.0
2025-04-09;KG;RM;F;1.0
2025-04-09;KG;RM;G;3.0
2025-04-09;UZ;RM;A;30.0
2025-04-09;UZ;RM;B;94.0
2025-04-09;UZ;RM;C;65.0
2025-04-09;UZ;RM;D;119.0
2025-04-09;UZ;RM;E;73.0
2025-04-09;UZ;RM;F;33.0
2025-04-09;UZ;RM;G;18.0
2025-04-10;AZ;RM;A;25.0
2025-04-10;AZ;RM;B;76.0
2025-04-10;AZ;RM;C;61.0
2025-04-10;AZ;RM;D;108.0
2025-04-10;AZ;RM;E;80.0
2025-04-10;AZ;RM;F;38.0
2025-04-10;AZ;RM;G;28.0
2025-04-10;KG;RM;A;3.0
2025-04-10;KG;RM;B;21.0
2025-04-10;KG;RM;C;11.0
2025-04-10;KG;RM;D;21.0
2025-04-10;KG;RM;E;13.0
2025-04-10;KG;RM;F;4.0
2025-04-10;KG;RM;G;3.0
2025-04-10;UZ;RM;A;36.0
2025-04-10;UZ;RM;B;102.0
2025-04-10;UZ;RM;C;84.0
2025-04-10;UZ;RM;D;131.0
2025-04-10;UZ;RM;E;87.0
2025-04-10;UZ;RM;F;26.0
2025-04-10;UZ;RM;G;23.0
2025-04-11;AZ;RM;A;40.0
2025-04-11;AZ;RM;B;157.0
2025-04-11;AZ;RM;C;131.0
2025-04-11;AZ;RM;D;242.0
2025-04-11;AZ;RM;E;139.0
2025-04-11;AZ;RM;F;50.0
2025-04-11;AZ;RM;G;58.0
2025-04-11;KG;RM;A;4.0
2025-04-11;KG;RM;B;27.0
2025-04-11;KG;RM;C;17.0
2025-04-11;KG;RM;D;23.0
2025-04-11;KG;RM;E;25.0
2025-04-11;KG;RM;F;11.0
2025-04-11;KG;RM;G;3.0
2025-04-11;UZ;RM;A;52.0
2025-04-11;UZ;RM;B;175.0
2025-04-11;UZ;RM;C;172.0
2025-04-11;UZ;RM;D;268.0
2025-04-11;UZ;RM;E;191.0
2025-04-11;UZ;RM;F;47.0
2025-04-11;UZ;RM;G;50.0
2025-04-12;AZ;RM;A;21.0
2025-04-12;AZ;RM;B;81.0
2025-04-12;AZ;RM;C;60.0
2025-04-12;AZ;RM;D;90.0
2025-04-12;AZ;RM;E;74.0
2025-04-12;AZ;RM;F;12.0
2025-04-12;AZ;RM;G;28.0
2025-04-12;KG;RM;A;6.0
2025-04-12;KG;RM;B;13.0
2025-04-12;KG;RM;C;7.0
2025-04-12;KG;RM;D;11.0
2025-04-12;KG;RM;E;6.0
2025-04-12;KG;RM;F;3.0
2025-04-12;KG;RM;G;2.0
2025-04-12;UZ;RM;A;31.0
2025-04-12;UZ;RM;B;89.0
2025-04-12;UZ;RM;C;66.0
2025-04-12;UZ;RM;D;104.0
2025-04-12;UZ;RM;E;67.0
2025-04-12;UZ;RM;F;23.0
2025-04-12;UZ;RM;G;19.0
2025-04-13;AZ;RM;A;43.0
2025-04-13;AZ;RM;B;115.0
2025-04-13;AZ;RM;C;99.0
2025-04-13;AZ;RM;D;178.0
2025-04-13;AZ;RM;E;122.0
2025-04-13;AZ;RM;F;60.0
2025-04-13;AZ;RM;G;54.0
2025-04-13;KG;RM;A;8.0
2025-04-13;KG;RM;B;29.0
2025-04-13;KG;RM;C;20.0
2025-04-13;KG;RM;D;26.0
2025-04-13;KG;RM;E;25.0
2025-04-13;KG;RM;F;13.0
2025-04-13;KG;RM;G;5.0
2025-04-13;UZ;RM;A;43.0
2025-04-13;UZ;RM;B;155.0
2025-04-13;UZ;RM;C;128.0
2025-04-13;UZ;RM;D;190.0
2025-04-13;UZ;RM;E;130.0
2025-04-13;UZ;RM;F;46.0
2025-04-13;UZ;RM;G;42.0
2025-04-14;AZ;RM;A;36.0
2025-04-14;AZ;RM;B;97.0
2025-04-14;AZ;RM;C;62.0
2025-04-14;AZ;RM;D;93.0
2025-04-14;AZ;RM;E;75.0
2025-04-14;AZ;RM;F;25.0
2025-04-14;AZ;RM;G;27.0
2025-04-14;KG;RM;A;4.0
2025-04-14;KG;RM;B;11.0
2025-04-14;KG;RM;C;13.0
2025-04-14;KG;RM;D;19.0
2025-04-14;KG;RM;E;12.0
2025-04-14;KG;RM;F;4.0
2025-04-14;KG;RM;G;8.0
2025-04-14;UZ;RM;A;46.0
2025-04-14;UZ;RM;B;83.0
2025-04-14;UZ;RM;C;79.0
2025-04-14;UZ;RM;D;109.0
2025-04-14;UZ;RM;E;69.0
2025-04-14;UZ;RM;F;36.0
2025-04-14;UZ;RM;G;24.0
2025-04-16;AZ;RM;A;46.0
2025-04-16;AZ;RM;B;170.0
2025-04-16;AZ;RM;C;156.0
2025-04-16;AZ;RM;D;214.0
2025-04-16;AZ;RM;E;162.0
2025-04-16;AZ;RM;F;62.0
2025-04-16;AZ;RM;G;70.0
2025-04-16;KG;RM;A;7.0
2025-04-16;KG;RM;B;30.0
2025-04-16;KG;RM;C;25.0
2025-04-16;KG;RM;D;35.0
2025-04-16;KG;RM;E;21.0
2025-04-16;KG;RM;F;11.0
2025-04-16;KG;RM;G;9.0
2025-04-16;UZ;RM;A;50.0
2025-04-16;UZ;RM;B;181.0
2025-04-16;UZ;RM;C;160.0
2025-04-16;UZ;RM;D;272.0
2025-04-16;UZ;RM;E;166.0
2025-04-16;UZ;RM;F;59.0
2025-04-16;UZ;RM;G;56.0
2025-04-18;AZ;RM;A;51.0
2025-04-18;AZ;RM;B;166.0
2025-04-18;AZ;RM;C;126.0
2025-04-18;AZ;RM;D;188.0
2025-04-18;AZ;RM;E;132.0
2025-04-18;AZ;RM;F;46.0
2025-04-18;AZ;RM;G;63.0
2025-04-18;KG;RM;A;15.0
2025-04-18;KG;RM;B;25.0
2025-04-18;KG;RM;C;20.0
2025-04-18;KG;RM;D;24.0
2025-04-18;KG;RM;E;13.0
2025-04-18;KG;RM;F;7.0
2025-04-18;KG;RM;G;4.0
2025-04-18;UZ;RM;A;73.0
2025-04-18;UZ;RM;B;183.0
2025-04-18;UZ;RM;C;125.0
2025-04-18;UZ;RM;D;217.0
2025-04-18;UZ;RM;E;137.0
2025-04-18;UZ;RM;F;37.0
2025-04-18;UZ;RM;G;40.0
2025-04-19;AZ;RM;A;19.0
2025-04-19;AZ;RM;B;52.0
2025-04-19;AZ;RM;C;48.0
2025-04-19;AZ;RM;D;87.0
2025-04-19;AZ;RM;E;43.0
2025-04-19;AZ;RM;F;16.0
2025-04-19;AZ;RM;G;25.0
2025-04-19;KG;RM;A;2.0
2025-04-19;KG;RM;B;14.0
2025-04-19;KG;RM;C;5.0
2025-04-19;KG;RM;D;2.0
2025-04-19;KG;RM;E;7.0
2025-04-19;KG;RM;F;2.0
2025-04-19;KG;RM;G;2.0
2025-04-19;UZ;RM;A;28.0
2025-04-19;UZ;RM;B;62.0
2025-04-19;UZ;RM;C;51.0
2025-04-19;UZ;RM;D;96.0
2025-04-19;UZ;RM;E;61.0
2025-04-19;UZ;RM;F;16.0
2025-04-19;UZ;RM;G;15.0
2025-04-20;AZ;RM;A;41.0
2025-04-20;AZ;RM;B;136.0
2025-04-20;AZ;RM;C;113.0
2025-04-20;AZ;RM;D;171.0
2025-04-20;AZ;RM;E;120.0
2025-04-20;AZ;RM;F;45.0
2025-04-20;AZ;RM;G;53.0
2025-04-20;KG;RM;A;3.0
2025-04-20;KG;RM;B;26.0
2025-04-20;KG;RM;C;26.0
2025-04-20;KG;RM;D;23.0
2025-04-20;KG;RM;E;29.0
2025-04-20;KG;RM;F;7.0
2025-04-20;KG;RM;G;13.0
2025-04-20;UZ;RM;A;38.0
2025-04-20;UZ;RM;B;150.0
2025-04-20;UZ;RM;C;131.0
2025-04-20;UZ;RM;D;199.0
2025-04-20;UZ;RM;E;156.0
2025-04-20;UZ;RM;F;63.0
2025-04-20;UZ;RM;G;53.0
2025-04-21;AZ;RM;A;23.0
2025-04-21;AZ;RM;B;64.0
2025-04-21;AZ;RM;C;57.0
2025-04-21;AZ;RM;D;104.0
2025-04-21;AZ;RM;E;60.0
2025-04-21;AZ;RM;F;31.0
2025-04-21;AZ;RM;G;26.0
2025-04-21;KG;RM;A;14.0
2025-04-21;KG;RM;B;18.0
2025-04-21;KG;RM;C;10.0
2025-04-21;KG;RM;D;10.0
2025-04-21;KG;RM;E;14.0
2025-04-21;KG;RM;F;2.0
2025-04-21;KG;RM;G;2.0
2025-04-21;UZ;RM;A;24.0
2025-04-21;UZ;RM;B;86.0
2025-04-21;UZ;RM;C;74.0
2025-04-21;UZ;RM;D;120.0
2025-04-21;UZ;RM;E;93.0
2025-04-21;UZ;RM;F;33.0
2025-04-21;UZ;RM;G;30.0
2025-04-23;AZ;RM;A;48.0
2025-04-23;AZ;RM;B;173.0
2025-04-23;AZ;RM;C;146.0
2025-04-23;AZ;RM;D;235.0
2025-04-23;AZ;RM;E;178.0
2025-04-23;AZ;RM;F;48.0
2025-04-23;AZ;RM;G;65.0
2025-04-23;KG;RM;A;21.0
2025-04-23;KG;RM;B;30.0
2025-04-23;KG;RM;C;22.0
2025-04-23;KG;RM;D;32.0
2025-04-23;KG;RM;E;25.0
2025-04-23;KG;RM;F;9.0
2025-04-23;KG;RM;G;12.0
2025-04-23;UZ;RM;A;75.0
2025-04-23;UZ;RM;B;237.0
2025-04-23;UZ;RM;C;180.0
2025-04-23;UZ;RM;D;284.0
2025-04-23;UZ;RM;E;203.0
2025-04-23;UZ;RM;F;66.0
2025-04-23;UZ;RM;G;90.0
2025-04-25;AZ;RM;A;56.0
2025-04-25;AZ;RM;B;145.0
2025-04-25;AZ;RM;C;132.0
2025-04-25;AZ;RM;D;211.0
2025-04-25;AZ;RM;E;171.0
2025-04-25;AZ;RM;F;46.0
2025-04-25;AZ;RM;G;63.0
2025-04-25;KG;RM;A;7.0
2025-04-25;KG;RM;B;30.0
2025-04-25;KG;RM;C;30.0
2025-04-25;KG;RM;D;29.0
2025-04-25;KG;RM;E;30.0
2025-04-25;KG;RM;F;4.0
2025-04-25;KG;RM;G;13.0
2025-04-25;UZ;RM;A;60.0
2025-04-25;UZ;RM;B;199.0
2025-04-25;UZ;RM;C;173.0
2025-04-25;UZ;RM;D;252.0
2025-04-25;UZ;RM;E;173.0
2025-04-25;UZ;RM;F;59.0
2025-04-25;UZ;RM;G;49.0
2024-12-01;BY;RRM;A;177.0
2024-12-01;BY;RRM;B;760.0
2024-12-01;BY;RRM;C;735.0
2024-12-01;BY;RRM;D;1298.0
2024-12-01;BY;RRM;E;990.0
2024-12-01;BY;RRM;F;326.0
2024-12-01;BY;RRM;G;435.0
2024-12-02;BY;RRM;A;77.0
2024-12-02;BY;RRM;B;304.0
2024-12-02;BY;RRM;C;241.0
2024-12-02;BY;RRM;D;444.0
2024-12-02;BY;RRM;E;370.0
2024-12-02;BY;RRM;F;125.0
2024-12-02;BY;RRM;G;168.0
2024-12-03;BY;RRM;A;42.0
2024-12-03;BY;RRM;B;140.0
2024-12-03;BY;RRM;C;121.0
2024-12-03;BY;RRM;D;201.0
2024-12-03;BY;RRM;E;146.0
2024-12-03;BY;RRM;F;56.0
2024-12-03;BY;RRM;G;46.0
2024-12-04;BY;RRM;A;68.0
2024-12-04;BY;RRM;B;249.0
2024-12-04;BY;RRM;C;244.0
2024-12-04;BY;RRM;D;420.0
2024-12-04;BY;RRM;E;344.0
2024-12-04;BY;RRM;F;131.0
2024-12-04;BY;RRM;G;147.0
2024-12-05;BY;RRM;A;128.0
2024-12-05;BY;RRM;B;387.0
2024-12-05;BY;RRM;C;397.0
2024-12-05;BY;RRM;D;605.0
2024-12-05;BY;RRM;E;460.0
2024-12-05;BY;RRM;F;202.0
2024-12-05;BY;RRM;G;226.0
2024-12-06;BY;RRM;A;69.0
2024-12-06;BY;RRM;B;305.0
2024-12-06;BY;RRM;C;296.0
2024-12-06;BY;RRM;D;495.0
2024-12-06;BY;RRM;E;352.0
2024-12-06;BY;RRM;F;154.0
2024-12-06;BY;RRM;G;186.0
2024-12-08;BY;RRM;A;159.0
2024-12-08;BY;RRM;B;579.0
2024-12-08;BY;RRM;C;580.0
2024-12-08;BY;RRM;D;874.0
2024-12-08;BY;RRM;E;687.0
2024-12-08;BY;RRM;F;285.0
2024-12-08;BY;RRM;G;339.0
2024-12-09;BY;RRM;A;73.0
2024-12-09;BY;RRM;B;286.0
2024-12-09;BY;RRM;C;252.0
2024-12-09;BY;RRM;D;402.0
2024-12-09;BY;RRM;E;329.0
2024-12-09;BY;RRM;F;126.0
2024-12-09;BY;RRM;G;160.0
2024-12-10;BY;RRM;A;23.0
2024-12-10;BY;RRM;B;109.0
2024-12-10;BY;RRM;C;99.0
2024-12-10;BY;RRM;D;189.0
2024-12-10;BY;RRM;E;116.0
2024-12-10;BY;RRM;F;37.0
2024-12-10;BY;RRM;G;41.0
2024-12-11;BY;RRM;A;104.0
2024-12-11;BY;RRM;B;357.0
2024-12-11;BY;RRM;C;285.0
2024-12-11;BY;RRM;D;537.0
2024-12-11;BY;RRM;E;396.0
2024-12-11;BY;RRM;F;160.0
2024-12-11;BY;RRM;G;193.0
2024-12-12;BY;RRM;A;45.0
2024-12-12;BY;RRM;B;197.0
2024-12-12;BY;RRM;C;162.0
2024-12-12;BY;RRM;D;252.0
2024-12-12;BY;RRM;E;186.0
2024-12-12;BY;RRM;F;67.0
2024-12-12;BY;RRM;G;88.0
2024-12-13;BY;RRM;A;33.0
2024-12-13;BY;RRM;B;131.0
2024-12-13;BY;RRM;C;131.0
2024-12-13;BY;RRM;D;228.0
2024-12-13;BY;RRM;E;166.0
2024-12-13;BY;RRM;F;61.0
2024-12-13;BY;RRM;G;67.0
2024-12-15;BY;RRM;A;129.0
2024-12-15;BY;RRM;B;513.0
2024-12-15;BY;RRM;C;420.0
2024-12-15;BY;RRM;D;717.0
2024-12-15;BY;RRM;E;516.0
2024-12-15;BY;RRM;F;214.0
2024-12-15;BY;RRM;G;229.0
2024-12-16;BY;RRM;A;68.0
2024-12-16;BY;RRM;B;272.0
2024-12-16;BY;RRM;C;252.0
2024-12-16;BY;RRM;D;353.0
2024-12-16;BY;RRM;E;261.0
2024-12-16;BY;RRM;F;92.0
2024-12-16;BY;RRM;G;111.0
2024-12-19;BY;RRM;A;189.0
2024-12-19;BY;RRM;B;736.0
2024-12-19;BY;RRM;C;596.0
2024-12-19;BY;RRM;D;998.0
2024-12-19;BY;RRM;E;752.0
2024-12-19;BY;RRM;F;255.0
2024-12-19;BY;RRM;G;313.0
2024-12-20;BY;RRM;A;57.0
2024-12-20;BY;RRM;B;239.0
2024-12-20;BY;RRM;C;241.0
2024-12-20;BY;RRM;D;422.0
2024-12-20;BY;RRM;E;332.0
2024-12-20;BY;RRM;F;108.0
2024-12-20;BY;RRM;G;125.0
2024-12-22;BY;RRM;A;167.0
2024-12-22;BY;RRM;B;528.0
2024-12-22;BY;RRM;C;516.0
2024-12-22;BY;RRM;D;803.0
2024-12-22;BY;RRM;E;568.0
2024-12-22;BY;RRM;F;199.0
2024-12-22;BY;RRM;G;252.0
2024-12-23;BY;RRM;A;62.0
2024-12-23;BY;RRM;B;234.0
2024-12-23;BY;RRM;C;225.0
2024-12-23;BY;RRM;D;309.0
2024-12-23;BY;RRM;E;212.0
2024-12-23;BY;RRM;F;82.0
2024-12-23;BY;RRM;G;102.0
2024-12-25;BY;RRM;A;138.0
2024-12-25;BY;RRM;B;419.0
2024-12-25;BY;RRM;C;369.0
2024-12-25;BY;RRM;D;599.0
2024-12-25;BY;RRM;E;446.0
2024-12-25;BY;RRM;F;177.0
2024-12-25;BY;RRM;G;176.0
2024-12-26;BY;RRM;A;68.0
2024-12-26;BY;RRM;B;213.0
2024-12-26;BY;RRM;C;166.0
2024-12-26;BY;RRM;D;276.0
2024-12-26;BY;RRM;E;183.0
2024-12-26;BY;RRM;F;56.0
2024-12-26;BY;RRM;G;72.0
2024-12-27;BY;RRM;A;72.0
2024-12-27;BY;RRM;B;245.0
2024-12-27;BY;RRM;C;214.0
2024-12-27;BY;RRM;D;313.0
2024-12-27;BY;RRM;E;235.0
2024-12-27;BY;RRM;F;91.0
2024-12-27;BY;RRM;G;110.0
2024-12-29;BY;RRM;A;144.0
2024-12-29;BY;RRM;B;547.0
2024-12-29;BY;RRM;C;458.0
2024-12-29;BY;RRM;D;689.0
2024-12-29;BY;RRM;E;440.0
2024-12-29;BY;RRM;F;187.0
2024-12-29;BY;RRM;G;213.0
2024-12-30;BY;RRM;A;58.0
2024-12-30;BY;RRM;B;255.0
2024-12-30;BY;RRM;C;178.0
2024-12-30;BY;RRM;D;307.0
2024-12-30;BY;RRM;E;245.0
2024-12-30;BY;RRM;F;112.0
2024-12-30;BY;RRM;G;116.0
2025-01-01;BY;RRM;A;122.0
2025-01-01;BY;RRM;B;441.0
2025-01-01;BY;RRM;C;377.0
2025-01-01;BY;RRM;D;609.0
2025-01-01;BY;RRM;E;402.0
2025-01-01;BY;RRM;F;161.0
2025-01-01;BY;RRM;G;181.0
2025-01-03;BY;RRM;A;96.0
2025-01-03;BY;RRM;B;387.0
2025-01-03;BY;RRM;C;358.0
2025-01-03;BY;RRM;D;503.0
2025-01-03;BY;RRM;E;350.0
2025-01-03;BY;RRM;F;131.0
2025-01-03;BY;RRM;G;147.0
2025-01-05;BY;RRM;A;157.0
2025-01-05;BY;RRM;B;462.0
2025-01-05;BY;RRM;C;396.0
2025-01-05;BY;RRM;D;638.0
2025-01-05;BY;RRM;E;455.0
2025-01-05;BY;RRM;F;181.0
2025-01-05;BY;RRM;G;159.0
2025-01-06;BY;RRM;A;50.0
2025-01-06;BY;RRM;B;212.0
2025-01-06;BY;RRM;C;170.0
2025-01-06;BY;RRM;D;257.0
2025-01-06;BY;RRM;E;168.0
2025-01-06;BY;RRM;F;63.0
2025-01-06;BY;RRM;G;69.0
2025-01-08;BY;RRM;A;120.0
2025-01-08;BY;RRM;B;534.0
2025-01-08;BY;RRM;C;454.0
2025-01-08;BY;RRM;D;738.0
2025-01-08;BY;RRM;E;504.0
2025-01-08;BY;RRM;F;223.0
2025-01-08;BY;RRM;G;224.0
2025-01-10;BY;RRM;A;131.0
2025-01-10;BY;RRM;B;605.0
2025-01-10;BY;RRM;C;496.0
2025-01-10;BY;RRM;D;767.0
2025-01-10;BY;RRM;E;559.0
2025-01-10;BY;RRM;F;215.0
2025-01-10;BY;RRM;G;205.0
2025-01-12;BY;RRM;A;153.0
2025-01-12;BY;RRM;B;641.0
2025-01-12;BY;RRM;C;593.0
2025-01-12;BY;RRM;D;841.0
2025-01-12;BY;RRM;E;656.0
2025-01-12;BY;RRM;F;227.0
2025-01-12;BY;RRM;G;230.0
2025-01-13;BY;RRM;A;58.0
2025-01-13;BY;RRM;B;271.0
2025-01-13;BY;RRM;C;245.0
2025-01-13;BY;RRM;D;352.0
2025-01-13;BY;RRM;E;309.0
2025-01-13;BY;RRM;F;96.0
2025-01-13;BY;RRM;G;142.0
2025-01-15;BY;RRM;A;141.0
2025-01-15;BY;RRM;B;554.0
2025-01-15;BY;RRM;C;456.0
2025-01-15;BY;RRM;D;676.0
2025-01-15;BY;RRM;E;509.0
2025-01-15;BY;RRM;F;221.0
2025-01-15;BY;RRM;G;231.0
2025-01-17;BY;RRM;A;135.0
2025-01-17;BY;RRM;B;533.0
2025-01-17;BY;RRM;C;511.0
2025-01-17;BY;RRM;D;809.0
2025-01-17;BY;RRM;E;573.0
2025-01-17;BY;RRM;F;205.0
2025-01-17;BY;RRM;G;177.0
2025-01-19;BY;RRM;A;191.0
2025-01-19;BY;RRM;B;688.0
2025-01-19;BY;RRM;C;571.0
2025-01-19;BY;RRM;D;885.0
2025-01-19;BY;RRM;E;571.0
2025-01-19;BY;RRM;F;220.0
2025-01-19;BY;RRM;G;256.0
2025-01-20;BY;RRM;A;68.0
2025-01-20;BY;RRM;B;220.0
2025-01-20;BY;RRM;C;215.0
2025-01-20;BY;RRM;D;341.0
2025-01-20;BY;RRM;E;265.0
2025-01-20;BY;RRM;F;92.0
2025-01-20;BY;RRM;G;117.0
2025-01-22;BY;RRM;A;174.0
2025-01-22;BY;RRM;B;551.0
2025-01-22;BY;RRM;C;445.0
2025-01-22;BY;RRM;D;758.0
2025-01-22;BY;RRM;E;578.0
2025-01-22;BY;RRM;F;224.0
2025-01-22;BY;RRM;G;204.0
2025-01-24;BY;RRM;A;95.0
2025-01-24;BY;RRM;B;488.0
2025-01-24;BY;RRM;C;396.0
2025-01-24;BY;RRM;D;647.0
2025-01-24;BY;RRM;E;439.0
2025-01-24;BY;RRM;F;155.0
2025-01-24;BY;RRM;G;149.0
2025-01-26;BY;RRM;A;150.0
2025-01-26;BY;RRM;B;680.0
2025-01-26;BY;RRM;C;529.0
2025-01-26;BY;RRM;D;893.0
2025-01-26;BY;RRM;E;682.0
2025-01-26;BY;RRM;F;253.0
2025-01-26;BY;RRM;G;260.0
2025-01-31;BY;RRM;A;186.0
2025-01-31;BY;RRM;B;888.0
2025-01-31;BY;RRM;C;691.0
2025-01-31;BY;RRM;D;1072.0
2025-01-31;BY;RRM;E;796.0
2025-01-31;BY;RRM;F;300.0
2025-01-31;BY;RRM;G;315.0
2025-02-02;BY;RRM;A;130.0
2025-02-02;BY;RRM;B;489.0
2025-02-02;BY;RRM;C;453.0
2025-02-02;BY;RRM;D;699.0
2025-02-02;BY;RRM;E;554.0
2025-02-02;BY;RRM;F;147.0
2025-02-02;BY;RRM;G;172.0
2025-02-03;BY;RRM;A;36.0
2025-02-03;BY;RRM;B;191.0
2025-02-03;BY;RRM;C;195.0
2025-02-03;BY;RRM;D;270.0
2025-02-03;BY;RRM;E;184.0
2025-02-03;BY;RRM;F;57.0
2025-02-03;BY;RRM;G;55.0
2025-02-05;BY;RRM;A;66.0
2025-02-05;BY;RRM;B;299.0
2025-02-05;BY;RRM;C;279.0
2025-02-05;BY;RRM;D;401.0
2025-02-05;BY;RRM;E;307.0
2025-02-05;BY;RRM;F;89.0
2025-02-05;BY;RRM;G;83.0
2025-02-07;BY;RRM;A;57.0
2025-02-07;BY;RRM;B;257.0
2025-02-07;BY;RRM;C;210.0
2025-02-07;BY;RRM;D;402.0
2025-02-07;BY;RRM;E;262.0
2025-02-07;BY;RRM;F;100.0
2025-02-07;BY;RRM;G;87.0
2025-02-09;BY;RRM;A;140.0
2025-02-09;BY;RRM;B;553.0
2025-02-09;BY;RRM;C;456.0
2025-02-09;BY;RRM;D;733.0
2025-02-09;BY;RRM;E;530.0
2025-02-09;BY;RRM;F;169.0
2025-02-09;BY;RRM;G;170.0
2025-02-10;BY;RRM;A;149.0
2025-02-10;BY;RRM;B;600.0
2025-02-10;BY;RRM;C;519.0
2025-02-10;BY;RRM;D;767.0
2025-02-10;BY;RRM;E;587.0
2025-02-10;BY;RRM;F;222.0
2025-02-10;BY;RRM;G;233.0
2025-02-12;BY;RRM;A;273.0
2025-02-12;BY;RRM;B;976.0
2025-02-12;BY;RRM;C;811.0
2025-02-12;BY;RRM;D;1221.0
2025-02-12;BY;RRM;E;911.0
2025-02-12;BY;RRM;F;340.0
2025-02-12;BY;RRM;G;391.0
2025-02-14;BY;RRM;A;215.0
2025-02-14;BY;RRM;B;731.0
2025-02-14;BY;RRM;C;642.0
2025-02-14;BY;RRM;D;900.0
2025-02-14;BY;RRM;E;713.0
2025-02-14;BY;RRM;F;262.0
2025-02-14;BY;RRM;G;303.0
2025-02-16;BY;RRM;A;184.0
2025-02-16;BY;RRM;B;656.0
2025-02-16;BY;RRM;C;523.0
2025-02-16;BY;RRM;D;955.0
2025-02-16;BY;RRM;E;716.0
2025-02-16;BY;RRM;F;226.0
2025-02-16;BY;RRM;G;248.0
2025-02-17;BY;RRM;A;97.0
2025-02-17;BY;RRM;B;358.0
2025-02-17;BY;RRM;C;304.0
2025-02-17;BY;RRM;D;451.0
2025-02-17;BY;RRM;E;306.0
2025-02-17;BY;RRM;F;109.0
2025-02-17;BY;RRM;G;133.0
2025-02-19;BY;RRM;A;140.0
2025-02-19;BY;RRM;B;517.0
2025-02-19;BY;RRM;C;447.0
2025-02-19;BY;RRM;D;748.0
2025-02-19;BY;RRM;E;533.0
2025-02-19;BY;RRM;F;222.0
2025-02-19;BY;RRM;G;240.0
2025-02-21;BY;RRM;A;135.0
2025-02-21;BY;RRM;B;502.0
2025-02-21;BY;RRM;C;436.0
2025-02-21;BY;RRM;D;705.0
2025-02-21;BY;RRM;E;512.0
2025-02-21;BY;RRM;F;197.0
2025-02-21;BY;RRM;G;222.0
2025-02-23;BY;RRM;A;169.0
2025-02-23;BY;RRM;B;598.0
2025-02-23;BY;RRM;C;576.0
2025-02-23;BY;RRM;D;931.0
2025-02-23;BY;RRM;E;666.0
2025-02-23;BY;RRM;F;268.0
2025-02-23;BY;RRM;G;252.0
2025-02-24;BY;RRM;A;228.0
2025-02-24;BY;RRM;B;352.0
2025-02-24;BY;RRM;C;333.0
2025-02-24;BY;RRM;D;397.0
2025-02-24;BY;RRM;E;286.0
2025-02-24;BY;RRM;F;105.0
2025-02-24;BY;RRM;G;108.0
2025-02-26;BY;RRM;A;71.0
2025-02-26;BY;RRM;B;312.0
2025-02-26;BY;RRM;C;263.0
2025-02-26;BY;RRM;D;466.0
2025-02-26;BY;RRM;E;362.0
2025-02-26;BY;RRM;F;146.0
2025-02-26;BY;RRM;G;138.0
2025-02-28;BY;RRM;A;226.0
2025-02-28;BY;RRM;B;800.0
2025-02-28;BY;RRM;C;720.0
2025-02-28;BY;RRM;D;1171.0
2025-02-28;BY;RRM;E;968.0
2025-02-28;BY;RRM;F;320.0
2025-02-28;BY;RRM;G;365.0
2025-03-02;BY;RRM;A;147.0
2025-03-02;BY;RRM;B;617.0
2025-03-02;BY;RRM;C;603.0
2025-03-02;BY;RRM;D;917.0
2025-03-02;BY;RRM;E;651.0
2025-03-02;BY;RRM;F;246.0
2025-03-02;BY;RRM;G;295.0
2025-03-03;BY;RRM;A;61.0
2025-03-03;BY;RRM;B;302.0
2025-03-03;BY;RRM;C;256.0
2025-03-03;BY;RRM;D;407.0
2025-03-03;BY;RRM;E;273.0
2025-03-03;BY;RRM;F;105.0
2025-03-03;BY;RRM;G;121.0
2025-03-05;BY;RRM;A;78.0
2025-03-05;BY;RRM;B;259.0
2025-03-05;BY;RRM;C;267.0
2025-03-05;BY;RRM;D;378.0
2025-03-05;BY;RRM;E;310.0
2025-03-05;BY;RRM;F;143.0
2025-03-05;BY;RRM;G;108.0
2025-03-06;BY;RRM;A;66.0
2025-03-06;BY;RRM;B;225.0
2025-03-06;BY;RRM;C;219.0
2025-03-06;BY;RRM;D;363.0
2025-03-06;BY;RRM;E;240.0
2025-03-06;BY;RRM;F;108.0
2025-03-06;BY;RRM;G;111.0
2025-03-07;BY;RRM;A;112.0
2025-03-07;BY;RRM;B;455.0
2025-03-07;BY;RRM;C;402.0
2025-03-07;BY;RRM;D;651.0
2025-03-07;BY;RRM;E;441.0
2025-03-07;BY;RRM;F;166.0
2025-03-07;BY;RRM;G;172.0
2025-03-09;BY;RRM;A;174.0
2025-03-09;BY;RRM;B;554.0
2025-03-09;BY;RRM;C;455.0
2025-03-09;BY;RRM;D;742.0
2025-03-09;BY;RRM;E;563.0
2025-03-09;BY;RRM;F;230.0
2025-03-09;BY;RRM;G;224.0
2025-03-10;BY;RRM;A;57.0
2025-03-10;BY;RRM;B;224.0
2025-03-10;BY;RRM;C;228.0
2025-03-10;BY;RRM;D;349.0
2025-03-10;BY;RRM;E;271.0
2025-03-10;BY;RRM;F;102.0
2025-03-10;BY;RRM;G;87.0
2025-03-12;BY;RRM;A;121.0
2025-03-12;BY;RRM;B;461.0
2025-03-12;BY;RRM;C;423.0
2025-03-12;BY;RRM;D;665.0
2025-03-12;BY;RRM;E;491.0
2025-03-12;BY;RRM;F;194.0
2025-03-12;BY;RRM;G;214.0
2025-03-14;BY;RRM;A;131.0
2025-03-14;BY;RRM;B;453.0
2025-03-14;BY;RRM;C;383.0
2025-03-14;BY;RRM;D;631.0
2025-03-14;BY;RRM;E;470.0
2025-03-14;BY;RRM;F;191.0
2025-03-14;BY;RRM;G;192.0
2025-03-16;BY;RRM;A;147.0
2025-03-16;BY;RRM;B;536.0
2025-03-16;BY;RRM;C;498.0
2025-03-16;BY;RRM;D;862.0
2025-03-16;BY;RRM;E;607.0
2025-03-16;BY;RRM;F;217.0
2025-03-16;BY;RRM;G;232.0
2025-03-19;BY;RRM;A;215.0
2025-03-19;BY;RRM;B;766.0
2025-03-19;BY;RRM;C;726.0
2025-03-19;BY;RRM;D;1214.0
2025-03-19;BY;RRM;E;866.0
2025-03-19;BY;RRM;F;334.0
2025-03-19;BY;RRM;G;335.0
2025-03-21;BY;RRM;A;110.0
2025-03-21;BY;RRM;B;446.0
2025-03-21;BY;RRM;C;402.0
2025-03-21;BY;RRM;D;763.0
2025-03-21;BY;RRM;E;561.0
2025-03-21;BY;RRM;F;172.0
2025-03-21;BY;RRM;G;173.0
2025-03-22;BY;RRM;A;43.0
2025-03-22;BY;RRM;B;137.0
2025-03-22;BY;RRM;C;126.0
2025-03-22;BY;RRM;D;192.0
2025-03-22;BY;RRM;E;135.0
2025-03-22;BY;RRM;F;47.0
2025-03-22;BY;RRM;G;49.0
2025-03-23;BY;RRM;A;145.0
2025-03-23;BY;RRM;B;607.0
2025-03-23;BY;RRM;C;539.0
2025-03-23;BY;RRM;D;1029.0
2025-03-23;BY;RRM;E;763.0
2025-03-23;BY;RRM;F;277.0
2025-03-23;BY;RRM;G;280.0
2025-03-24;BY;RRM;A;113.0
2025-03-24;BY;RRM;B;333.0
2025-03-24;BY;RRM;C;330.0
2025-03-24;BY;RRM;D;575.0
2025-03-24;BY;RRM;E;450.0
2025-03-24;BY;RRM;F;181.0
2025-03-24;BY;RRM;G;185.0
2025-03-26;BY;RRM;A;125.0
2025-03-26;BY;RRM;B;541.0
2025-03-26;BY;RRM;C;598.0
2025-03-26;BY;RRM;D;984.0
2025-03-26;BY;RRM;E;697.0
2025-03-26;BY;RRM;F;270.0
2025-03-26;BY;RRM;G;286.0
2025-03-27;BY;RRM;A;97.0
2025-03-27;BY;RRM;B;264.0
2025-03-27;BY;RRM;C;256.0
2025-03-27;BY;RRM;D;421.0
2025-03-27;BY;RRM;E;325.0
2025-03-27;BY;RRM;F;112.0
2025-03-27;BY;RRM;G;132.0
2025-03-28;BY;RRM;A;135.0
2025-03-28;BY;RRM;B;508.0
2025-03-28;BY;RRM;C;486.0
2025-03-28;BY;RRM;D;871.0
2025-03-28;BY;RRM;E;634.0
2025-03-28;BY;RRM;F;290.0
2025-03-28;BY;RRM;G;257.0
2025-03-29;BY;RRM;A;39.0
2025-03-29;BY;RRM;B;199.0
2025-03-29;BY;RRM;C;170.0
2025-03-29;BY;RRM;D;299.0
2025-03-29;BY;RRM;E;241.0
2025-03-29;BY;RRM;F;72.0
2025-03-29;BY;RRM;G;72.0
2025-03-30;BY;RRM;A;90.0
2025-03-30;BY;RRM;B;373.0
2025-03-30;BY;RRM;C;377.0
2025-03-30;BY;RRM;D;730.0
2025-03-30;BY;RRM;E;517.0
2025-03-30;BY;RRM;F;212.0
2025-03-30;BY;RRM;G;216.0
2025-03-31;BY;RRM;A;91.0
2025-03-31;BY;RRM;B;299.0
2025-03-31;BY;RRM;C;248.0
2025-03-31;BY;RRM;D;485.0
2025-03-31;BY;RRM;E;390.0
2025-03-31;BY;RRM;F;122.0
2025-03-31;BY;RRM;G;155.0
2025-04-02;BY;RRM;A;85.0
2025-04-02;BY;RRM;B;276.0
2025-04-02;BY;RRM;C;270.0
2025-04-02;BY;RRM;D;519.0
2025-04-02;BY;RRM;E;358.0
2025-04-02;BY;RRM;F;138.0
2025-04-02;BY;RRM;G;149.0
2025-04-03;BY;RRM;A;63.0
2025-04-03;BY;RRM;B;202.0
2025-04-03;BY;RRM;C;240.0
2025-04-03;BY;RRM;D;394.0
2025-04-03;BY;RRM;E;322.0
2025-04-03;BY;RRM;F;108.0
2025-04-03;BY;RRM;G;99.0
2025-04-04;BY;RRM;A;136.0
2025-04-04;BY;RRM;B;417.0
2025-04-04;BY;RRM;C;388.0
2025-04-04;BY;RRM;D;634.0
2025-04-04;BY;RRM;E;512.0
2025-04-04;BY;RRM;F;170.0
2025-04-04;BY;RRM;G;158.0
2025-04-05;BY;RRM;A;46.0
2025-04-05;BY;RRM;B;160.0
2025-04-05;BY;RRM;C;144.0
2025-04-05;BY;RRM;D;238.0
2025-04-05;BY;RRM;E;150.0
2025-04-05;BY;RRM;F;58.0
2025-04-05;BY;RRM;G;54.0
2025-04-06;BY;RRM;A;50.0
2025-04-06;BY;RRM;B;204.0
2025-04-06;BY;RRM;C;190.0
2025-04-06;BY;RRM;D;310.0
2025-04-06;BY;RRM;E;229.0
2025-04-06;BY;RRM;F;80.0
2025-04-06;BY;RRM;G;63.0
2025-04-07;BY;RRM;A;85.0
2025-04-07;BY;RRM;B;297.0
2025-04-07;BY;RRM;C;283.0
2025-04-07;BY;RRM;D;486.0
2025-04-07;BY;RRM;E;448.0
2025-04-07;BY;RRM;F;151.0
2025-04-07;BY;RRM;G;153.0
2025-04-09;BY;RRM;A;60.0
2025-04-09;BY;RRM;B;199.0
2025-04-09;BY;RRM;C;183.0
2025-04-09;BY;RRM;D;314.0
2025-04-09;BY;RRM;E;236.0
2025-04-09;BY;RRM;F;81.0
2025-04-09;BY;RRM;G;74.0
2025-04-10;BY;RRM;A;57.0
2025-04-10;BY;RRM;B;223.0
2025-04-10;BY;RRM;C;195.0
2025-04-10;BY;RRM;D;384.0
2025-04-10;BY;RRM;E;250.0
2025-04-10;BY;RRM;F;100.0
2025-04-10;BY;RRM;G;94.0
2025-04-11;BY;RRM;A;113.0
2025-04-11;BY;RRM;B;420.0
2025-04-11;BY;RRM;C;394.0
2025-04-11;BY;RRM;D;656.0
2025-04-11;BY;RRM;E;575.0
2025-04-11;BY;RRM;F;179.0
2025-04-11;BY;RRM;G;155.0
2025-04-12;BY;RRM;A;71.0
2025-04-12;BY;RRM;B;183.0
2025-04-12;BY;RRM;C;147.0
2025-04-12;BY;RRM;D;285.0
2025-04-12;BY;RRM;E;188.0
2025-04-12;BY;RRM;F;65.0
2025-04-12;BY;RRM;G;74.0
2025-04-13;BY;RRM;A;89.0
2025-04-13;BY;RRM;B;356.0
2025-04-13;BY;RRM;C;327.0
2025-04-13;BY;RRM;D;593.0
2025-04-13;BY;RRM;E;440.0
2025-04-13;BY;RRM;F;173.0
2025-04-13;BY;RRM;G;179.0
2025-04-14;BY;RRM;A;80.0
2025-04-14;BY;RRM;B;179.0
2025-04-14;BY;RRM;C;222.0
2025-04-14;BY;RRM;D;348.0
2025-04-14;BY;RRM;E;230.0
2025-04-14;BY;RRM;F;98.0
2025-04-14;BY;RRM;G;94.0
2025-04-16;BY;RRM;A;170.0
2025-04-16;BY;RRM;B;529.0
2025-04-16;BY;RRM;C;434.0
2025-04-16;BY;RRM;D;725.0
2025-04-16;BY;RRM;E;593.0
2025-04-16;BY;RRM;F;263.0
2025-04-16;BY;RRM;G;235.0
2025-04-18;BY;RRM;A;213.0
2025-04-18;BY;RRM;B;460.0
2025-04-18;BY;RRM;C;440.0
2025-04-18;BY;RRM;D;740.0
2025-04-18;BY;RRM;E;520.0
2025-04-18;BY;RRM;F;179.0
2025-04-18;BY;RRM;G;168.0
2025-04-19;BY;RRM;A;68.0
2025-04-19;BY;RRM;B;188.0
2025-04-19;BY;RRM;C;134.0
2025-04-19;BY;RRM;D;234.0
2025-04-19;BY;RRM;E;165.0
2025-04-19;BY;RRM;F;62.0
2025-04-19;BY;RRM;G;60.0
2025-04-20;BY;RRM;A;94.0
2025-04-20;BY;RRM;B;450.0
2025-04-20;BY;RRM;C;386.0
2025-04-20;BY;RRM;D;707.0
2025-04-20;BY;RRM;E;544.0
2025-04-20;BY;RRM;F;201.0
2025-04-20;BY;RRM;G;219.0
2025-04-21;BY;RRM;A;70.0
2025-04-21;BY;RRM;B;236.0
2025-04-21;BY;RRM;C;232.0
2025-04-21;BY;RRM;D;445.0
2025-04-21;BY;RRM;E;286.0
2025-04-21;BY;RRM;F;111.0
2025-04-21;BY;RRM;G;115.0
2025-04-23;BY;RRM;A;151.0
2025-04-23;BY;RRM;B;583.0
2025-04-23;BY;RRM;C;535.0
2025-04-23;BY;RRM;D;982.0
2025-04-23;BY;RRM;E;758.0
2025-04-23;BY;RRM;F;281.0
2025-04-23;BY;RRM;G;283.0
2025-04-25;BY;RRM;A;138.0
2025-04-25;BY;RRM;B;543.0
2025-04-25;BY;RRM;C;499.0
2025-04-25;BY;RRM;D;857.0
2025-04-25;BY;RRM;E;673.0
2025-04-25;BY;RRM;F;250.0
2025-04-25;BY;RRM;G;236.0
2024-12-01;BY;SRM;A;1393.0
2024-12-01;BY;SRM;B;3035.0
2024-12-01;BY;SRM;C;1162.0
2024-12-01;BY;SRM;D;389.0
2024-12-01;BY;SRM;E;31.0
2024-12-01;BY;SRM;F;2.0
2024-12-01;BY;SRM;G;1.0
2024-12-01;UZ;SRM;A;2447.0
2024-12-01;UZ;SRM;B;3055.0
2024-12-01;UZ;SRM;C;652.0
2024-12-01;UZ;SRM;D;235.0
2024-12-01;UZ;SRM;E;28.0
2024-12-02;BY;SRM;A;547.0
2024-12-02;BY;SRM;B;1275.0
2024-12-02;BY;SRM;C;481.0
2024-12-02;BY;SRM;D;131.0
2024-12-02;BY;SRM;E;8.0
2024-12-02;BY;SRM;F;2.0
2024-12-02;UZ;SRM;A;915.0
2024-12-02;UZ;SRM;B;1200.0
2024-12-02;UZ;SRM;C;280.0
2024-12-02;UZ;SRM;D;109.0
2024-12-02;UZ;SRM;E;7.0
2024-12-03;BY;SRM;A;303.0
2024-12-03;BY;SRM;B;722.0
2024-12-03;BY;SRM;C;249.0
2024-12-03;BY;SRM;D;79.0
2024-12-03;BY;SRM;E;3.0
2024-12-03;UZ;SRM;A;345.0
2024-12-03;UZ;SRM;B;508.0
2024-12-03;UZ;SRM;C;113.0
2024-12-03;UZ;SRM;D;37.0
2024-12-03;UZ;SRM;E;5.0
2024-12-04;BY;SRM;A;516.0
2024-12-04;BY;SRM;B;980.0
2024-12-04;BY;SRM;C;337.0
2024-12-04;BY;SRM;D;110.0
2024-12-04;BY;SRM;E;3.0
2024-12-04;UZ;SRM;A;1124.0
2024-12-04;UZ;SRM;B;1491.0
2024-12-04;UZ;SRM;C;341.0
2024-12-04;UZ;SRM;D;116.0
2024-12-04;UZ;SRM;E;6.0
2024-12-04;UZ;SRM;G;1.0
2024-12-05;BY;SRM;A;561.0
2024-12-05;BY;SRM;B;1397.0
2024-12-05;BY;SRM;C;551.0
2024-12-05;BY;SRM;D;168.0
2024-12-05;BY;SRM;E;14.0
2024-12-05;UZ;SRM;A;1233.0
2024-12-05;UZ;SRM;B;1625.0
2024-12-05;UZ;SRM;C;385.0
2024-12-05;UZ;SRM;D;157.0
2024-12-05;UZ;SRM;E;14.0
2024-12-05;UZ;SRM;F;3.0
2024-12-06;BY;SRM;A;707.0
2024-12-06;BY;SRM;B;1613.0
2024-12-06;BY;SRM;C;560.0
2024-12-06;BY;SRM;D;180.0
2024-12-06;BY;SRM;E;14.0
2024-12-06;UZ;SRM;A;1502.0
2024-12-06;UZ;SRM;B;1564.0
2024-12-06;UZ;SRM;C;386.0
2024-12-06;UZ;SRM;D;170.0
2024-12-06;UZ;SRM;E;12.0
2024-12-06;UZ;SRM;F;2.0
2024-12-08;BY;SRM;A;962.0
2024-12-08;BY;SRM;B;2023.0
2024-12-08;BY;SRM;C;760.0
2024-12-08;BY;SRM;D;224.0
2024-12-08;BY;SRM;E;16.0
2024-12-08;UZ;SRM;A;2143.0
2024-12-08;UZ;SRM;B;2638.0
2024-12-08;UZ;SRM;C;645.0
2024-12-08;UZ;SRM;D;205.0
2024-12-08;UZ;SRM;E;23.0
2024-12-08;UZ;SRM;G;4.0
2024-12-09;BY;SRM;A;566.0
2024-12-09;BY;SRM;B;1400.0
2024-12-09;BY;SRM;C;435.0
2024-12-09;BY;SRM;D;125.0
2024-12-09;BY;SRM;E;7.0
2024-12-09;UZ;SRM;A;1101.0
2024-12-09;UZ;SRM;B;1454.0
2024-12-09;UZ;SRM;C;364.0
2024-12-09;UZ;SRM;D;115.0
2024-12-09;UZ;SRM;E;13.0
2024-12-09;UZ;SRM;F;1.0
2024-12-10;BY;SRM;A;237.0
2024-12-10;BY;SRM;B;585.0
2024-12-10;BY;SRM;C;171.0
2024-12-10;BY;SRM;D;41.0
2024-12-10;BY;SRM;E;3.0
2024-12-10;UZ;SRM;A;327.0
2024-12-10;UZ;SRM;B;557.0
2024-12-10;UZ;SRM;C;118.0
2024-12-10;UZ;SRM;D;32.0
2024-12-10;UZ;SRM;E;1.0
2024-12-11;BY;SRM;A;498.0
2024-12-11;BY;SRM;B;1195.0
2024-12-11;BY;SRM;C;413.0
2024-12-11;BY;SRM;D;116.0
2024-12-11;BY;SRM;E;3.0
2024-12-11;BY;SRM;F;2.0
2024-12-11;UZ;SRM;A;1521.0
2024-12-11;UZ;SRM;B;1752.0
2024-12-11;UZ;SRM;C;457.0
2024-12-11;UZ;SRM;D;143.0
2024-12-11;UZ;SRM;E;9.0
2024-12-11;UZ;SRM;G;1.0
2024-12-12;BY;SRM;A;307.0
2024-12-12;BY;SRM;B;642.0
2024-12-12;BY;SRM;C;206.0
2024-12-12;BY;SRM;D;54.0
2024-12-12;BY;SRM;E;2.0
2024-12-12;UZ;SRM;A;857.0
2024-12-12;UZ;SRM;B;1050.0
2024-12-12;UZ;SRM;C;221.0
2024-12-12;UZ;SRM;D;71.0
2024-12-12;UZ;SRM;E;4.0
2024-12-12;UZ;SRM;F;1.0
2024-12-13;BY;SRM;A;262.0
2024-12-13;BY;SRM;B;551.0
2024-12-13;BY;SRM;C;221.0
2024-12-13;BY;SRM;D;61.0
2024-12-13;BY;SRM;E;3.0
2024-12-13;UZ;SRM;A;820.0
2024-12-13;UZ;SRM;B;1091.0
2024-12-13;UZ;SRM;C;247.0
2024-12-13;UZ;SRM;D;82.0
2024-12-13;UZ;SRM;E;4.0
2024-12-13;UZ;SRM;F;1.0
2024-12-15;BY;SRM;A;813.0
2024-12-15;BY;SRM;B;1898.0
2024-12-15;BY;SRM;C;642.0
2024-12-15;BY;SRM;D;164.0
2024-12-15;BY;SRM;E;13.0
2024-12-15;BY;SRM;F;1.0
2024-12-15;UZ;SRM;A;1689.0
2024-12-15;UZ;SRM;B;2271.0
2024-12-15;UZ;SRM;C;515.0
2024-12-15;UZ;SRM;D;186.0
2024-12-15;UZ;SRM;E;6.0
2024-12-15;UZ;SRM;F;1.0
2024-12-15;UZ;SRM;G;1.0
2024-12-16;BY;SRM;A;458.0
2024-12-16;BY;SRM;B;959.0
2024-12-16;BY;SRM;C;279.0
2024-12-16;BY;SRM;D;76.0
2024-12-16;BY;SRM;E;7.0
2024-12-16;UZ;SRM;A;609.0
2024-12-16;UZ;SRM;B;713.0
2024-12-16;UZ;SRM;C;203.0
2024-12-16;UZ;SRM;D;49.0
2024-12-16;UZ;SRM;E;3.0
2024-12-19;BY;SRM;A;1007.0
2024-12-19;BY;SRM;B;2381.0
2024-12-19;BY;SRM;C;746.0
2024-12-19;BY;SRM;D;213.0
2024-12-19;BY;SRM;E;8.0
2024-12-19;UZ;SRM;A;1792.0
2024-12-19;UZ;SRM;B;2450.0
2024-12-19;UZ;SRM;C;558.0
2024-12-19;UZ;SRM;D;161.0
2024-12-19;UZ;SRM;E;17.0
2024-12-19;UZ;SRM;F;1.0
2024-12-19;UZ;SRM;G;2.0
2024-12-20;BY;SRM;A;512.0
2024-12-20;BY;SRM;B;1131.0
2024-12-20;BY;SRM;C;362.0
2024-12-20;BY;SRM;D;93.0
2024-12-20;BY;SRM;E;7.0
2024-12-20;UZ;SRM;A;1059.0
2024-12-20;UZ;SRM;B;1129.0
2024-12-20;UZ;SRM;C;258.0
2024-12-20;UZ;SRM;D;89.0
2024-12-20;UZ;SRM;E;9.0
2024-12-20;UZ;SRM;F;1.0
2024-12-22;BY;SRM;A;870.0
2024-12-22;BY;SRM;B;2295.0
2024-12-22;BY;SRM;C;711.0
2024-12-22;BY;SRM;D;220.0
2024-12-22;BY;SRM;E;13.0
2024-12-22;BY;SRM;F;2.0
2024-12-22;UZ;SRM;A;1388.0
2024-12-22;UZ;SRM;B;2009.0
2024-12-22;UZ;SRM;C;390.0
2024-12-22;UZ;SRM;D;137.0
2024-12-22;UZ;SRM;E;12.0
2024-12-22;UZ;SRM;F;2.0
2024-12-23;BY;SRM;A;412.0
2024-12-23;BY;SRM;B;925.0
2024-12-23;BY;SRM;C;310.0
2024-12-23;BY;SRM;D;57.0
2024-12-23;BY;SRM;E;5.0
2024-12-23;UZ;SRM;A;607.0
2024-12-23;UZ;SRM;B;725.0
2024-12-23;UZ;SRM;C;165.0
2024-12-23;UZ;SRM;D;58.0
2024-12-23;UZ;SRM;E;5.0
2024-12-25;BY;SRM;A;645.0
2024-12-25;BY;SRM;B;1296.0
2024-12-25;BY;SRM;C;422.0
2024-12-25;BY;SRM;D;109.0
2024-12-25;BY;SRM;E;12.0
2024-12-25;UZ;SRM;A;1128.0
2024-12-25;UZ;SRM;B;1415.0
2024-12-25;UZ;SRM;C;329.0
2024-12-25;UZ;SRM;D;82.0
2024-12-25;UZ;SRM;E;6.0
2024-12-26;BY;SRM;A;334.0
2024-12-26;BY;SRM;B;704.0
2024-12-26;BY;SRM;C;218.0
2024-12-26;BY;SRM;D;69.0
2024-12-26;BY;SRM;E;2.0
2024-12-26;UZ;SRM;A;546.0
2024-12-26;UZ;SRM;B;680.0
2024-12-26;UZ;SRM;C;152.0
2024-12-26;UZ;SRM;D;39.0
2024-12-26;UZ;SRM;E;4.0
2024-12-27;BY;SRM;A;460.0
2024-12-27;BY;SRM;B;1105.0
2024-12-27;BY;SRM;C;371.0
2024-12-27;BY;SRM;D;106.0
2024-12-27;BY;SRM;E;4.0
2024-12-27;UZ;SRM;A;581.0
2024-12-27;UZ;SRM;B;771.0
2024-12-27;UZ;SRM;C;181.0
2024-12-27;UZ;SRM;D;45.0
2024-12-27;UZ;SRM;E;3.0
2024-12-27;UZ;SRM;F;1.0
2024-12-27;UZ;SRM;G;1.0
2024-12-29;BY;SRM;A;767.0
2024-12-29;BY;SRM;B;1649.0
2024-12-29;BY;SRM;C;489.0
2024-12-29;BY;SRM;D;135.0
2024-12-29;BY;SRM;E;9.0
2024-12-29;UZ;SRM;A;1156.0
2024-12-29;UZ;SRM;B;1418.0
2024-12-29;UZ;SRM;C;330.0
2024-12-29;UZ;SRM;D;108.0
2024-12-29;UZ;SRM;E;6.0
2024-12-29;UZ;SRM;F;1.0
2024-12-30;BY;SRM;A;308.0
2024-12-30;BY;SRM;B;704.0
2024-12-30;BY;SRM;C;227.0
2024-12-30;BY;SRM;D;56.0
2024-12-30;BY;SRM;E;5.0
2024-12-30;UZ;SRM;A;500.0
2024-12-30;UZ;SRM;B;663.0
2024-12-30;UZ;SRM;C;141.0
2024-12-30;UZ;SRM;D;51.0
2024-12-30;UZ;SRM;E;3.0
2024-12-30;UZ;SRM;F;2.0
2025-01-01;BY;SRM;A;707.0
2025-01-01;BY;SRM;B;1728.0
2025-01-01;BY;SRM;C;547.0
2025-01-01;BY;SRM;D;140.0
2025-01-01;BY;SRM;E;4.0
2025-01-01;UZ;SRM;A;1220.0
2025-01-01;UZ;SRM;B;1481.0
2025-01-01;UZ;SRM;C;338.0
2025-01-01;UZ;SRM;D;100.0
2025-01-01;UZ;SRM;E;9.0
2025-01-01;UZ;SRM;F;2.0
2025-01-03;BY;SRM;A;707.0
2025-01-03;BY;SRM;B;1492.0
2025-01-03;BY;SRM;C;426.0
2025-01-03;BY;SRM;D;115.0
2025-01-03;BY;SRM;E;7.0
2025-01-03;BY;SRM;F;5.0
2025-01-03;UZ;SRM;A;1190.0
2025-01-03;UZ;SRM;B;1342.0
2025-01-03;UZ;SRM;C;273.0
2025-01-03;UZ;SRM;D;87.0
2025-01-03;UZ;SRM;E;4.0
2025-01-03;UZ;SRM;F;1.0
2025-01-05;BY;SRM;A;604.0
2025-01-05;BY;SRM;B;1451.0
2025-01-05;BY;SRM;C;407.0
2025-01-05;BY;SRM;D;123.0
2025-01-05;BY;SRM;E;4.0
2025-01-05;UZ;SRM;A;909.0
2025-01-05;UZ;SRM;B;1372.0
2025-01-05;UZ;SRM;C;321.0
2025-01-05;UZ;SRM;D;86.0
2025-01-05;UZ;SRM;E;11.0
2025-01-06;BY;SRM;A;413.0
2025-01-06;BY;SRM;B;783.0
2025-01-06;BY;SRM;C;259.0
2025-01-06;BY;SRM;D;70.0
2025-01-06;BY;SRM;E;4.0
2025-01-06;UZ;SRM;A;677.0
2025-01-06;UZ;SRM;B;815.0
2025-01-06;UZ;SRM;C;184.0
2025-01-06;UZ;SRM;D;49.0
2025-01-06;UZ;SRM;E;7.0
2025-01-06;UZ;SRM;G;2.0
2025-01-08;BY;SRM;A;889.0
2025-01-08;BY;SRM;B;1865.0
2025-01-08;BY;SRM;C;580.0
2025-01-08;BY;SRM;D;160.0
2025-01-08;BY;SRM;E;20.0
2025-01-08;BY;SRM;F;1.0
2025-01-08;BY;SRM;G;1.0
2025-01-08;UZ;SRM;A;1466.0
2025-01-08;UZ;SRM;B;1743.0
2025-01-08;UZ;SRM;C;381.0
2025-01-08;UZ;SRM;D;126.0
2025-01-08;UZ;SRM;E;12.0
2025-01-08;UZ;SRM;G;1.0
2025-01-10;BY;SRM;A;1087.0
2025-01-10;BY;SRM;B;2349.0
2025-01-10;BY;SRM;C;743.0
2025-01-10;BY;SRM;D;231.0
2025-01-10;BY;SRM;E;27.0
2025-01-10;BY;SRM;F;1.0
2025-01-10;UZ;SRM;A;1590.0
2025-01-10;UZ;SRM;B;2061.0
2025-01-10;UZ;SRM;C;437.0
2025-01-10;UZ;SRM;D;136.0
2025-01-10;UZ;SRM;E;6.0
2025-01-10;UZ;SRM;F;2.0
2025-01-12;BY;SRM;A;870.0
2025-01-12;BY;SRM;B;2042.0
2025-01-12;BY;SRM;C;600.0
2025-01-12;BY;SRM;D;191.0
2025-01-12;BY;SRM;E;10.0
2025-01-12;BY;SRM;G;2.0
2025-01-12;UZ;SRM;A;1794.0
2025-01-12;UZ;SRM;B;2207.0
2025-01-12;UZ;SRM;C;461.0
2025-01-12;UZ;SRM;D;142.0
2025-01-12;UZ;SRM;E;13.0
2025-01-12;UZ;SRM;F;2.0
2025-01-13;BY;SRM;A;314.0
2025-01-13;BY;SRM;B;828.0
2025-01-13;BY;SRM;C;255.0
2025-01-13;BY;SRM;D;85.0
2025-01-13;BY;SRM;E;3.0
2025-01-13;BY;SRM;F;2.0
2025-01-13;UZ;SRM;A;732.0
2025-01-13;UZ;SRM;B;922.0
2025-01-13;UZ;SRM;C;195.0
2025-01-13;UZ;SRM;D;53.0
2025-01-13;UZ;SRM;E;3.0
2025-01-15;BY;SRM;A;916.0
2025-01-15;BY;SRM;B;2110.0
2025-01-15;BY;SRM;C;647.0
2025-01-15;BY;SRM;D;194.0
2025-01-15;BY;SRM;E;8.0
2025-01-15;UZ;SRM;A;1411.0
2025-01-15;UZ;SRM;B;1923.0
2025-01-15;UZ;SRM;C;352.0
2025-01-15;UZ;SRM;D;113.0
2025-01-15;UZ;SRM;E;7.0
2025-01-15;UZ;SRM;F;1.0
2025-01-17;BY;SRM;A;920.0
2025-01-17;BY;SRM;B;2039.0
2025-01-17;BY;SRM;C;617.0
2025-01-17;BY;SRM;D;155.0
2025-01-17;BY;SRM;E;8.0
2025-01-17;BY;SRM;F;1.0
2025-01-17;UZ;SRM;A;1452.0
2025-01-17;UZ;SRM;B;1795.0
2025-01-17;UZ;SRM;C;355.0
2025-01-17;UZ;SRM;D;106.0
2025-01-17;UZ;SRM;E;8.0
2025-01-17;UZ;SRM;F;1.0
2025-01-19;BY;SRM;A;1194.0
2025-01-19;BY;SRM;B;2336.0
2025-01-19;BY;SRM;C;702.0
2025-01-19;BY;SRM;D;203.0
2025-01-19;BY;SRM;E;8.0
2025-01-19;UZ;SRM;A;1308.0
2025-01-19;UZ;SRM;B;1588.0
2025-01-19;UZ;SRM;C;335.0
2025-01-19;UZ;SRM;D;112.0
2025-01-19;UZ;SRM;E;8.0
2025-01-19;UZ;SRM;F;3.0
2025-01-19;UZ;SRM;G;1.0
2025-01-20;BY;SRM;A;462.0
2025-01-20;BY;SRM;B;993.0
2025-01-20;BY;SRM;C;304.0
2025-01-20;BY;SRM;D;82.0
2025-01-20;BY;SRM;E;5.0
2025-01-20;BY;SRM;F;2.0
2025-01-20;UZ;SRM;A;531.0
2025-01-20;UZ;SRM;B;837.0
2025-01-20;UZ;SRM;C;177.0
2025-01-20;UZ;SRM;D;52.0
2025-01-20;UZ;SRM;E;7.0
2025-01-20;UZ;SRM;G;1.0
2025-01-22;BY;SRM;A;947.0
2025-01-22;BY;SRM;B;1995.0
2025-01-22;BY;SRM;C;654.0
2025-01-22;BY;SRM;D;187.0
2025-01-22;BY;SRM;E;16.0
2025-01-22;UZ;SRM;A;1223.0
2025-01-22;UZ;SRM;B;1476.0
2025-01-22;UZ;SRM;C;328.0
2025-01-22;UZ;SRM;D;96.0
2025-01-22;UZ;SRM;E;8.0
2025-01-24;BY;SRM;A;906.0
2025-01-24;BY;SRM;B;1989.0
2025-01-24;BY;SRM;C;650.0
2025-01-24;BY;SRM;D;179.0
2025-01-24;BY;SRM;E;20.0
2025-01-24;UZ;SRM;A;1310.0
2025-01-24;UZ;SRM;B;1659.0
2025-01-24;UZ;SRM;C;327.0
2025-01-24;UZ;SRM;D;95.0
2025-01-24;UZ;SRM;E;9.0
2025-01-24;UZ;SRM;F;3.0
2025-01-24;UZ;SRM;G;1.0
2025-01-26;BY;SRM;A;1273.0
2025-01-26;BY;SRM;B;2492.0
2025-01-26;BY;SRM;C;739.0
2025-01-26;BY;SRM;D;220.0
2025-01-26;BY;SRM;E;21.0
2025-01-26;BY;SRM;F;2.0
2025-01-26;UZ;SRM;A;1592.0
2025-01-26;UZ;SRM;B;1856.0
2025-01-26;UZ;SRM;C;316.0
2025-01-26;UZ;SRM;D;104.0
2025-01-26;UZ;SRM;E;10.0
2025-01-26;UZ;SRM;F;1.0
2025-01-31;BY;SRM;A;1382.0
2025-01-31;BY;SRM;B;3028.0
2025-01-31;BY;SRM;C;947.0
2025-01-31;BY;SRM;D;257.0
2025-01-31;BY;SRM;E;8.0
2025-01-31;UZ;SRM;A;1718.0
2025-01-31;UZ;SRM;B;2321.0
2025-01-31;UZ;SRM;C;465.0
2025-01-31;UZ;SRM;D;133.0
2025-01-31;UZ;SRM;E;13.0
2025-01-31;UZ;SRM;F;1.0
2025-02-02;BY;SRM;A;785.0
2025-02-02;BY;SRM;B;1903.0
2025-02-02;BY;SRM;C;594.0
2025-02-02;BY;SRM;D;174.0
2025-02-02;BY;SRM;E;12.0
2025-02-02;UZ;SRM;A;1089.0
2025-02-02;UZ;SRM;B;1462.0
2025-02-02;UZ;SRM;C;314.0
2025-02-02;UZ;SRM;D;119.0
2025-02-02;UZ;SRM;E;10.0
2025-02-02;UZ;SRM;G;2.0
2025-02-03;BY;SRM;A;568.0
2025-02-03;BY;SRM;B;1113.0
2025-02-03;BY;SRM;C;320.0
2025-02-03;BY;SRM;D;91.0
2025-02-03;BY;SRM;E;11.0
2025-02-03;UZ;SRM;A;510.0
2025-02-03;UZ;SRM;B;749.0
2025-02-03;UZ;SRM;C;130.0
2025-02-03;UZ;SRM;D;37.0
2025-02-03;UZ;SRM;E;3.0
2025-02-05;BY;SRM;A;576.0
2025-02-05;BY;SRM;B;1239.0
2025-02-05;BY;SRM;C;411.0
2025-02-05;BY;SRM;D;98.0
2025-02-05;BY;SRM;E;7.0
2025-02-05;UZ;SRM;A;694.0
2025-02-05;UZ;SRM;B;878.0
2025-02-05;UZ;SRM;C;171.0
2025-02-05;UZ;SRM;D;45.0
2025-02-05;UZ;SRM;E;4.0
2025-02-07;BY;SRM;A;571.0
2025-02-07;BY;SRM;B;1418.0
2025-02-07;BY;SRM;C;463.0
2025-02-07;BY;SRM;D;127.0
2025-02-07;BY;SRM;E;7.0
2025-02-07;UZ;SRM;A;947.0
2025-02-07;UZ;SRM;B;1023.0
2025-02-07;UZ;SRM;C;219.0
2025-02-07;UZ;SRM;D;82.0
2025-02-07;UZ;SRM;E;11.0
2025-02-07;UZ;SRM;F;2.0
2025-02-09;BY;SRM;A;796.0
2025-02-09;BY;SRM;B;1716.0
2025-02-09;BY;SRM;C;533.0
2025-02-09;BY;SRM;D;120.0
2025-02-09;BY;SRM;E;12.0
2025-02-09;BY;SRM;F;1.0
2025-02-09;UZ;SRM;A;1551.0
2025-02-09;UZ;SRM;B;1675.0
2025-02-09;UZ;SRM;C;319.0
2025-02-09;UZ;SRM;D;92.0
2025-02-09;UZ;SRM;E;5.0
2025-02-09;UZ;SRM;G;1.0
2025-02-10;BY;SRM;A;876.0
2025-02-10;BY;SRM;B;2090.0
2025-02-10;BY;SRM;C;685.0
2025-02-10;BY;SRM;D;177.0
2025-02-10;BY;SRM;E;15.0
2025-02-10;UZ;SRM;A;1271.0
2025-02-10;UZ;SRM;B;1886.0
2025-02-10;UZ;SRM;C;389.0
2025-02-10;UZ;SRM;D;138.0
2025-02-10;UZ;SRM;E;9.0
2025-02-10;UZ;SRM;F;1.0
2025-02-12;BY;SRM;A;1692.0
2025-02-12;BY;SRM;B;3472.0
2025-02-12;BY;SRM;C;1001.0
2025-02-12;BY;SRM;D;298.0
2025-02-12;BY;SRM;E;25.0
2025-02-12;BY;SRM;F;4.0
2025-02-12;BY;SRM;G;1.0
2025-02-12;UZ;SRM;A;1811.0
2025-02-12;UZ;SRM;B;2526.0
2025-02-12;UZ;SRM;C;528.0
2025-02-12;UZ;SRM;D;148.0
2025-02-12;UZ;SRM;E;13.0
2025-02-12;UZ;SRM;F;3.0
2025-02-14;BY;SRM;A;1389.0
2025-02-14;BY;SRM;B;2865.0
2025-02-14;BY;SRM;C;895.0
2025-02-14;BY;SRM;D;255.0
2025-02-14;BY;SRM;E;11.0
2025-02-14;BY;SRM;F;1.0
2025-02-14;UZ;SRM;A;1676.0
2025-02-14;UZ;SRM;B;1926.0
2025-02-14;UZ;SRM;C;383.0
2025-02-14;UZ;SRM;D;137.0
2025-02-14;UZ;SRM;E;7.0
2025-02-16;BY;SRM;A;1116.0
2025-02-16;BY;SRM;B;2260.0
2025-02-16;BY;SRM;C;695.0
2025-02-16;BY;SRM;D;195.0
2025-02-16;BY;SRM;E;15.0
2025-02-16;BY;SRM;F;3.0
2025-02-16;UZ;SRM;A;1446.0
2025-02-16;UZ;SRM;B;1882.0
2025-02-16;UZ;SRM;C;401.0
2025-02-16;UZ;SRM;D;126.0
2025-02-16;UZ;SRM;E;14.0
2025-02-16;UZ;SRM;F;4.0
2025-02-17;BY;SRM;A;494.0
2025-02-17;BY;SRM;B;1097.0
2025-02-17;BY;SRM;C;305.0
2025-02-17;BY;SRM;D;101.0
2025-02-17;BY;SRM;E;7.0
2025-02-17;BY;SRM;F;1.0
2025-02-17;UZ;SRM;A;661.0
2025-02-17;UZ;SRM;B;858.0
2025-02-17;UZ;SRM;C;177.0
2025-02-17;UZ;SRM;D;41.0
2025-02-17;UZ;SRM;E;2.0
2025-02-17;UZ;SRM;F;1.0
2025-02-19;BY;SRM;A;907.0
2025-02-19;BY;SRM;B;2022.0
2025-02-19;BY;SRM;C;695.0
2025-02-19;BY;SRM;D;202.0
2025-02-19;BY;SRM;E;6.0
2025-02-19;BY;SRM;F;1.0
2025-02-19;UZ;SRM;A;1192.0
2025-02-19;UZ;SRM;B;1573.0
2025-02-19;UZ;SRM;C;378.0
2025-02-19;UZ;SRM;D;97.0
2025-02-19;UZ;SRM;E;6.0
2025-02-21;BY;SRM;A;905.0
2025-02-21;BY;SRM;B;2086.0
2025-02-21;BY;SRM;C;687.0
2025-02-21;BY;SRM;D;208.0
2025-02-21;BY;SRM;E;15.0
2025-02-21;BY;SRM;F;1.0
2025-02-21;UZ;SRM;A;1090.0
2025-02-21;UZ;SRM;B;1358.0
2025-02-21;UZ;SRM;C;303.0
2025-02-21;UZ;SRM;D;85.0
2025-02-21;UZ;SRM;E;6.0
2025-02-21;UZ;SRM;F;1.0
2025-02-21;UZ;SRM;G;1.0
2025-02-23;BY;SRM;A;1134.0
2025-02-23;BY;SRM;B;2311.0
2025-02-23;BY;SRM;C;738.0
2025-02-23;BY;SRM;D;236.0
2025-02-23;BY;SRM;E;11.0
2025-02-23;BY;SRM;G;1.0
2025-02-23;UZ;SRM;A;1431.0
2025-02-23;UZ;SRM;B;1875.0
2025-02-23;UZ;SRM;C;415.0
2025-02-23;UZ;SRM;D;111.0
2025-02-23;UZ;SRM;E;12.0
2025-02-23;UZ;SRM;F;1.0
2025-02-24;BY;SRM;A;813.0
2025-02-24;BY;SRM;B;1008.0
2025-02-24;BY;SRM;C;293.0
2025-02-24;BY;SRM;D;63.0
2025-02-24;BY;SRM;E;5.0
2025-02-24;BY;SRM;F;1.0
2025-02-24;UZ;SRM;A;299.0
2025-02-24;UZ;SRM;B;210.0
2025-02-24;UZ;SRM;C;49.0
2025-02-24;UZ;SRM;D;12.0
2025-02-26;BY;SRM;A;704.0
2025-02-26;BY;SRM;B;1591.0
2025-02-26;BY;SRM;C;548.0
2025-02-26;BY;SRM;D;162.0
2025-02-26;BY;SRM;E;13.0
2025-02-26;BY;SRM;F;1.0
2025-02-26;UZ;SRM;A;248.0
2025-02-26;UZ;SRM;B;290.0
2025-02-26;UZ;SRM;C;77.0
2025-02-26;UZ;SRM;D;29.0
2025-02-26;UZ;SRM;E;3.0
2025-02-28;BY;SRM;A;1410.0
2025-02-28;BY;SRM;B;3068.0
2025-02-28;BY;SRM;C;990.0
2025-02-28;BY;SRM;D;294.0
2025-02-28;BY;SRM;E;22.0
2025-02-28;UZ;SRM;A;727.0
2025-02-28;UZ;SRM;B;898.0
2025-02-28;UZ;SRM;C;202.0
2025-02-28;UZ;SRM;D;60.0
2025-02-28;UZ;SRM;E;7.0
2025-03-02;BY;SRM;A;1011.0
2025-03-02;BY;SRM;B;2180.0
2025-03-02;BY;SRM;C;744.0
2025-03-02;BY;SRM;D;209.0
2025-03-02;BY;SRM;E;9.0
2025-03-02;UZ;SRM;A;1204.0
2025-03-02;UZ;SRM;B;1456.0
2025-03-02;UZ;SRM;C;329.0
2025-03-02;UZ;SRM;D;104.0
2025-03-02;UZ;SRM;E;11.0
2025-03-02;UZ;SRM;G;1.0
2025-03-03;BY;SRM;A;504.0
2025-03-03;BY;SRM;B;1137.0
2025-03-03;BY;SRM;C;331.0
2025-03-03;BY;SRM;D;89.0
2025-03-03;BY;SRM;E;3.0
2025-03-03;BY;SRM;G;1.0
2025-03-03;UZ;SRM;A;459.0
2025-03-03;UZ;SRM;B;542.0
2025-03-03;UZ;SRM;C;107.0
2025-03-03;UZ;SRM;D;39.0
2025-03-03;UZ;SRM;E;2.0
2025-03-03;UZ;SRM;F;1.0
2025-03-05;BY;SRM;A;450.0
2025-03-05;BY;SRM;B;863.0
2025-03-05;BY;SRM;C;292.0
2025-03-05;BY;SRM;D;86.0
2025-03-05;BY;SRM;E;5.0
2025-03-05;BY;SRM;F;1.0
2025-03-05;UZ;SRM;A;496.0
2025-03-05;UZ;SRM;B;516.0
2025-03-05;UZ;SRM;C;120.0
2025-03-05;UZ;SRM;D;30.0
2025-03-05;UZ;SRM;E;2.0
2025-03-06;BY;SRM;A;499.0
2025-03-06;BY;SRM;B;1107.0
2025-03-06;BY;SRM;C;359.0
2025-03-06;BY;SRM;D;110.0
2025-03-06;BY;SRM;E;6.0
2025-03-06;UZ;SRM;A;410.0
2025-03-06;UZ;SRM;B;628.0
2025-03-06;UZ;SRM;C;157.0
2025-03-06;UZ;SRM;D;34.0
2025-03-06;UZ;SRM;E;3.0
2025-03-06;UZ;SRM;F;1.0
2025-03-06;UZ;SRM;G;1.0
2025-03-07;BY;SRM;A;893.0
2025-03-07;BY;SRM;B;2008.0
2025-03-07;BY;SRM;C;609.0
2025-03-07;BY;SRM;D;166.0
2025-03-07;BY;SRM;E;11.0
2025-03-07;BY;SRM;F;1.0
2025-03-07;UZ;SRM;A;910.0
2025-03-07;UZ;SRM;B;1235.0
2025-03-07;UZ;SRM;C;255.0
2025-03-07;UZ;SRM;D;75.0
2025-03-07;UZ;SRM;E;14.0
2025-03-07;UZ;SRM;F;2.0
2025-03-09;BY;SRM;A;932.0
2025-03-09;BY;SRM;B;2082.0
2025-03-09;BY;SRM;C;650.0
2025-03-09;BY;SRM;D;181.0
2025-03-09;BY;SRM;E;15.0
2025-03-09;BY;SRM;F;1.0
2025-03-09;BY;SRM;G;1.0
2025-03-09;UZ;SRM;A;1219.0
2025-03-09;UZ;SRM;B;1486.0
2025-03-09;UZ;SRM;C;321.0
2025-03-09;UZ;SRM;D;106.0
2025-03-09;UZ;SRM;E;10.0
2025-03-10;BY;SRM;A;498.0
2025-03-10;BY;SRM;B;1152.0
2025-03-10;BY;SRM;C;347.0
2025-03-10;BY;SRM;D;107.0
2025-03-10;BY;SRM;E;4.0
2025-03-10;UZ;SRM;A;647.0
2025-03-10;UZ;SRM;B;888.0
2025-03-10;UZ;SRM;C;173.0
2025-03-10;UZ;SRM;D;63.0
2025-03-10;UZ;SRM;E;4.0
2025-03-12;BY;SRM;A;728.0
2025-03-12;BY;SRM;B;1720.0
2025-03-12;BY;SRM;C;535.0
2025-03-12;BY;SRM;D;150.0
2025-03-12;BY;SRM;E;9.0
2025-03-12;BY;SRM;F;2.0
2025-03-12;UZ;SRM;A;1153.0
2025-03-12;UZ;SRM;B;1599.0
2025-03-12;UZ;SRM;C;334.0
2025-03-12;UZ;SRM;D;114.0
2025-03-12;UZ;SRM;E;11.0
2025-03-12;UZ;SRM;F;2.0
2025-03-14;BY;SRM;A;740.0
2025-03-14;BY;SRM;B;1667.0
2025-03-14;BY;SRM;C;524.0
2025-03-14;BY;SRM;D;139.0
2025-03-14;BY;SRM;E;12.0
2025-03-14;UZ;SRM;A;1466.0
2025-03-14;UZ;SRM;B;1771.0
2025-03-14;UZ;SRM;C;345.0
2025-03-14;UZ;SRM;D;115.0
2025-03-14;UZ;SRM;E;6.0
2025-03-16;BY;SRM;A;1056.0
2025-03-16;BY;SRM;B;2193.0
2025-03-16;BY;SRM;C;706.0
2025-03-16;BY;SRM;D;206.0
2025-03-16;BY;SRM;E;7.0
2025-03-16;BY;SRM;F;1.0
2025-03-16;UZ;SRM;A;1342.0
2025-03-16;UZ;SRM;B;1643.0
2025-03-16;UZ;SRM;C;326.0
2025-03-16;UZ;SRM;D;118.0
2025-03-16;UZ;SRM;E;8.0
2025-03-16;UZ;SRM;F;3.0
2025-03-16;UZ;SRM;G;4.0
2025-03-19;BY;SRM;A;1321.0
2025-03-19;BY;SRM;B;3233.0
2025-03-19;BY;SRM;C;1058.0
2025-03-19;BY;SRM;D;257.0
2025-03-19;BY;SRM;E;11.0
2025-03-19;BY;SRM;F;1.0
2025-03-19;UZ;SRM;A;2017.0
2025-03-19;UZ;SRM;B;2537.0
2025-03-19;UZ;SRM;C;532.0
2025-03-19;UZ;SRM;D;164.0
2025-03-19;UZ;SRM;E;19.0
2025-03-19;UZ;SRM;F;1.0
2025-03-21;BY;SRM;A;825.0
2025-03-21;BY;SRM;B;1920.0
2025-03-21;BY;SRM;C;620.0
2025-03-21;BY;SRM;D;152.0
2025-03-21;BY;SRM;E;14.0
2025-03-21;UZ;SRM;A;1276.0
2025-03-21;UZ;SRM;B;1671.0
2025-03-21;UZ;SRM;C;304.0
2025-03-21;UZ;SRM;D;102.0
2025-03-21;UZ;SRM;E;6.0
2025-03-21;UZ;SRM;F;1.0
2025-03-22;BY;SRM;A;145.0
2025-03-22;BY;SRM;B;364.0
2025-03-22;BY;SRM;C;94.0
2025-03-22;BY;SRM;D;34.0
2025-03-22;BY;SRM;E;1.0
2025-03-22;UZ;SRM;A;231.0
2025-03-22;UZ;SRM;B;358.0
2025-03-22;UZ;SRM;C;57.0
2025-03-22;UZ;SRM;D;11.0
2025-03-22;UZ;SRM;E;3.0
2025-03-23;BY;SRM;A;1185.0
2025-03-23;BY;SRM;B;2575.0
2025-03-23;BY;SRM;C;908.0
2025-03-23;BY;SRM;D;297.0
2025-03-23;BY;SRM;E;20.0
2025-03-23;BY;SRM;F;1.0
2025-03-23;UZ;SRM;A;1088.0
2025-03-23;UZ;SRM;B;1413.0
2025-03-23;UZ;SRM;C;344.0
2025-03-23;UZ;SRM;D;125.0
2025-03-23;UZ;SRM;E;9.0
2025-03-23;UZ;SRM;F;1.0
2025-03-24;BY;SRM;A;527.0
2025-03-24;BY;SRM;B;1386.0
2025-03-24;BY;SRM;C;480.0
2025-03-24;BY;SRM;D;117.0
2025-03-24;BY;SRM;E;14.0
2025-03-24;UZ;SRM;A;607.0
2025-03-24;UZ;SRM;B;869.0
2025-03-24;UZ;SRM;C;194.0
2025-03-24;UZ;SRM;D;69.0
2025-03-24;UZ;SRM;E;5.0
2025-03-24;UZ;SRM;F;2.0
2025-03-24;UZ;SRM;G;1.0
2025-03-26;BY;SRM;A;1033.0
2025-03-26;BY;SRM;B;2313.0
2025-03-26;BY;SRM;C;830.0
2025-03-26;BY;SRM;D;275.0
2025-03-26;BY;SRM;E;29.0
2025-03-26;UZ;SRM;A;1136.0
2025-03-26;UZ;SRM;B;1336.0
2025-03-26;UZ;SRM;C;323.0
2025-03-26;UZ;SRM;D;120.0
2025-03-26;UZ;SRM;E;13.0
2025-03-26;UZ;SRM;F;3.0
2025-03-27;BY;SRM;A;336.0
2025-03-27;BY;SRM;B;928.0
2025-03-27;BY;SRM;C;319.0
2025-03-27;BY;SRM;D;85.0
2025-03-27;BY;SRM;E;7.0
2025-03-27;UZ;SRM;A;508.0
2025-03-27;UZ;SRM;B;751.0
2025-03-27;UZ;SRM;C;165.0
2025-03-27;UZ;SRM;D;46.0
2025-03-27;UZ;SRM;E;4.0
2025-03-28;BY;SRM;A;1027.0
2025-03-28;BY;SRM;B;2621.0
2025-03-28;BY;SRM;C;966.0
2025-03-28;BY;SRM;D;287.0
2025-03-28;BY;SRM;E;16.0
2025-03-28;BY;SRM;F;2.0
2025-03-28;UZ;SRM;A;1051.0
2025-03-28;UZ;SRM;B;1468.0
2025-03-28;UZ;SRM;C;304.0
2025-03-28;UZ;SRM;D;111.0
2025-03-28;UZ;SRM;E;8.0
2025-03-28;UZ;SRM;F;2.0
2025-03-28;UZ;SRM;G;1.0
2025-03-29;BY;SRM;A;275.0
2025-03-29;BY;SRM;B;557.0
2025-03-29;BY;SRM;C;191.0
2025-03-29;BY;SRM;D;43.0
2025-03-29;BY;SRM;E;5.0
2025-03-29;UZ;SRM;A;290.0
2025-03-29;UZ;SRM;B;526.0
2025-03-29;UZ;SRM;C;100.0
2025-03-29;UZ;SRM;D;27.0
2025-03-29;UZ;SRM;E;2.0
2025-03-30;BY;SRM;A;784.0
2025-03-30;BY;SRM;B;1875.0
2025-03-30;BY;SRM;C;692.0
2025-03-30;BY;SRM;D;210.0
2025-03-30;BY;SRM;E;13.0
2025-03-30;UZ;SRM;A;1288.0
2025-03-30;UZ;SRM;B;1452.0
2025-03-30;UZ;SRM;C;335.0
2025-03-30;UZ;SRM;D;135.0
2025-03-30;UZ;SRM;E;10.0
2025-03-30;UZ;SRM;F;1.0
2025-03-31;BY;SRM;A;609.0
2025-03-31;BY;SRM;B;1311.0
2025-03-31;BY;SRM;C;483.0
2025-03-31;BY;SRM;D;151.0
2025-03-31;BY;SRM;E;8.0
2025-03-31;BY;SRM;F;1.0
2025-03-31;UZ;SRM;A;814.0
2025-03-31;UZ;SRM;B;1009.0
2025-03-31;UZ;SRM;C;248.0
2025-03-31;UZ;SRM;D;92.0
2025-03-31;UZ;SRM;E;7.0
2025-03-31;UZ;SRM;F;1.0
2025-03-31;UZ;SRM;G;1.0
2025-04-02;BY;SRM;A;574.0
2025-04-02;BY;SRM;B;1353.0
2025-04-02;BY;SRM;C;446.0
2025-04-02;BY;SRM;D;140.0
2025-04-02;BY;SRM;E;4.0
2025-04-02;BY;SRM;F;1.0
2025-04-02;UZ;SRM;A;457.0
2025-04-02;UZ;SRM;B;666.0
2025-04-02;UZ;SRM;C;168.0
2025-04-02;UZ;SRM;D;75.0
2025-04-02;UZ;SRM;E;9.0
2025-04-02;UZ;SRM;F;1.0
2025-04-03;BY;SRM;A;200.0
2025-04-03;BY;SRM;B;679.0
2025-04-03;BY;SRM;C;223.0
2025-04-03;BY;SRM;D;88.0
2025-04-03;BY;SRM;E;7.0
2025-04-03;BY;SRM;F;1.0
2025-04-03;BY;SRM;G;1.0
2025-04-03;UZ;SRM;A;643.0
2025-04-03;UZ;SRM;B;789.0
2025-04-03;UZ;SRM;C;169.0
2025-04-03;UZ;SRM;D;50.0
2025-04-03;UZ;SRM;E;9.0
2025-04-04;BY;SRM;A;807.0
2025-04-04;BY;SRM;B;1964.0
2025-04-04;BY;SRM;C;684.0
2025-04-04;BY;SRM;D;200.0
2025-04-04;BY;SRM;E;9.0
2025-04-04;UZ;SRM;A;1243.0
2025-04-04;UZ;SRM;B;1720.0
2025-04-04;UZ;SRM;C;380.0
2025-04-04;UZ;SRM;D;108.0
2025-04-04;UZ;SRM;E;13.0
2025-04-04;UZ;SRM;F;2.0
2025-04-05;BY;SRM;A;215.0
2025-04-05;BY;SRM;B;519.0
2025-04-05;BY;SRM;C;147.0
2025-04-05;BY;SRM;D;44.0
2025-04-05;UZ;SRM;A;358.0
2025-04-05;UZ;SRM;B;422.0
2025-04-05;UZ;SRM;C;77.0
2025-04-05;UZ;SRM;D;22.0
2025-04-05;UZ;SRM;E;1.0
2025-04-06;BY;SRM;A;429.0
2025-04-06;BY;SRM;B;844.0
2025-04-06;BY;SRM;C;276.0
2025-04-06;BY;SRM;D;70.0
2025-04-06;BY;SRM;E;2.0
2025-04-06;BY;SRM;F;1.0
2025-04-06;UZ;SRM;A;559.0
2025-04-06;UZ;SRM;B;761.0
2025-04-06;UZ;SRM;C;139.0
2025-04-06;UZ;SRM;D;51.0
2025-04-06;UZ;SRM;E;5.0
2025-04-06;UZ;SRM;F;1.0
2025-04-06;UZ;SRM;G;2.0
2025-04-07;BY;SRM;A;476.0
2025-04-07;BY;SRM;B;1207.0
2025-04-07;BY;SRM;C;374.0
2025-04-07;BY;SRM;D;111.0
2025-04-07;BY;SRM;E;13.0
2025-04-07;UZ;SRM;A;818.0
2025-04-07;UZ;SRM;B;1079.0
2025-04-07;UZ;SRM;C;282.0
2025-04-07;UZ;SRM;D;90.0
2025-04-07;UZ;SRM;E;3.0
2025-04-07;UZ;SRM;F;1.0
2025-04-09;BY;SRM;A;387.0
2025-04-09;BY;SRM;B;874.0
2025-04-09;BY;SRM;C;270.0
2025-04-09;BY;SRM;D;86.0
2025-04-09;BY;SRM;E;4.0
2025-04-09;UZ;SRM;A;738.0
2025-04-09;UZ;SRM;B;912.0
2025-04-09;UZ;SRM;C;187.0
2025-04-09;UZ;SRM;D;78.0
2025-04-09;UZ;SRM;E;8.0
2025-04-09;UZ;SRM;F;1.0
2025-04-09;UZ;SRM;G;1.0
2025-04-10;BY;SRM;A;408.0
2025-04-10;BY;SRM;B;834.0
2025-04-10;BY;SRM;C;260.0
2025-04-10;BY;SRM;D;79.0
2025-04-10;BY;SRM;E;5.0
2025-04-10;UZ;SRM;A;695.0
2025-04-10;UZ;SRM;B;926.0
2025-04-10;UZ;SRM;C;161.0
2025-04-10;UZ;SRM;D;45.0
2025-04-10;UZ;SRM;E;9.0
2025-04-10;UZ;SRM;F;2.0
2025-04-10;UZ;SRM;G;2.0
2025-04-11;BY;SRM;A;692.0
2025-04-11;BY;SRM;B;1808.0
2025-04-11;BY;SRM;C;580.0
2025-04-11;BY;SRM;D;159.0
2025-04-11;BY;SRM;E;11.0
2025-04-11;BY;SRM;F;2.0
2025-04-11;UZ;SRM;A;1313.0
2025-04-11;UZ;SRM;B;1837.0
2025-04-11;UZ;SRM;C;348.0
2025-04-11;UZ;SRM;D;111.0
2025-04-11;UZ;SRM;E;12.0
2025-04-11;UZ;SRM;F;4.0
2025-04-12;BY;SRM;A;220.0
2025-04-12;BY;SRM;B;484.0
2025-04-12;BY;SRM;C;134.0
2025-04-12;BY;SRM;D;36.0
2025-04-12;BY;SRM;E;1.0
2025-04-12;UZ;SRM;A;438.0
2025-04-12;UZ;SRM;B;572.0
2025-04-12;UZ;SRM;C;97.0
2025-04-12;UZ;SRM;D;23.0
2025-04-12;UZ;SRM;E;1.0
2025-04-13;BY;SRM;A;662.0
2025-04-13;BY;SRM;B;1492.0
2025-04-13;BY;SRM;C;498.0
2025-04-13;BY;SRM;D;138.0
2025-04-13;BY;SRM;E;7.0
2025-04-13;UZ;SRM;A;1190.0
2025-04-13;UZ;SRM;B;1516.0
2025-04-13;UZ;SRM;C;330.0
2025-04-13;UZ;SRM;D;121.0
2025-04-13;UZ;SRM;E;4.0
2025-04-13;UZ;SRM;F;1.0
2025-04-14;BY;SRM;A;430.0
2025-04-14;BY;SRM;B;971.0
2025-04-14;BY;SRM;C;301.0
2025-04-14;BY;SRM;D;80.0
2025-04-14;BY;SRM;E;13.0
2025-04-14;BY;SRM;F;1.0
2025-04-14;UZ;SRM;A;596.0
2025-04-14;UZ;SRM;B;745.0
2025-04-14;UZ;SRM;C;156.0
2025-04-14;UZ;SRM;D;69.0
2025-04-14;UZ;SRM;E;4.0
2025-04-16;BY;SRM;A;972.0
2025-04-16;BY;SRM;B;2267.0
2025-04-16;BY;SRM;C;752.0
2025-04-16;BY;SRM;D;221.0
2025-04-16;BY;SRM;E;11.0
2025-04-16;BY;SRM;F;1.0
2025-04-16;UZ;SRM;A;1271.0
2025-04-16;UZ;SRM;B;1684.0
2025-04-16;UZ;SRM;C;405.0
2025-04-16;UZ;SRM;D;134.0
2025-04-16;UZ;SRM;E;14.0
2025-04-16;UZ;SRM;F;1.0
2025-04-18;BY;SRM;A;755.0
2025-04-18;BY;SRM;B;1898.0
2025-04-18;BY;SRM;C;603.0
2025-04-18;BY;SRM;D;197.0
2025-04-18;BY;SRM;E;16.0
2025-04-18;UZ;SRM;A;1142.0
2025-04-18;UZ;SRM;B;1616.0
2025-04-18;UZ;SRM;C;350.0
2025-04-18;UZ;SRM;D;116.0
2025-04-18;UZ;SRM;E;7.0
2025-04-18;UZ;SRM;F;1.0
2025-04-18;UZ;SRM;G;1.0
2025-04-19;BY;SRM;A;190.0
2025-04-19;BY;SRM;B;487.0
2025-04-19;BY;SRM;C;129.0
2025-04-19;BY;SRM;D;34.0
2025-04-19;BY;SRM;E;3.0
2025-04-19;UZ;SRM;A;277.0
2025-04-19;UZ;SRM;B;359.0
2025-04-19;UZ;SRM;C;50.0
2025-04-19;UZ;SRM;D;17.0
2025-04-19;UZ;SRM;E;1.0
2025-04-20;BY;SRM;A;845.0
2025-04-20;BY;SRM;B;1846.0
2025-04-20;BY;SRM;C;661.0
2025-04-20;BY;SRM;D;210.0
2025-04-20;BY;SRM;E;15.0
2025-04-20;BY;SRM;F;3.0
2025-04-20;UZ;SRM;A;985.0
2025-04-20;UZ;SRM;B;1346.0
2025-04-20;UZ;SRM;C;325.0
2025-04-20;UZ;SRM;D;136.0
2025-04-20;UZ;SRM;E;13.0
2025-04-20;UZ;SRM;F;1.0
2025-04-20;UZ;SRM;G;2.0
2025-04-21;BY;SRM;A;384.0
2025-04-21;BY;SRM;B;998.0
2025-04-21;BY;SRM;C;356.0
2025-04-21;BY;SRM;D;101.0
2025-04-21;BY;SRM;E;5.0
2025-04-21;UZ;SRM;A;830.0
2025-04-21;UZ;SRM;B;980.0
2025-04-21;UZ;SRM;C;223.0
2025-04-21;UZ;SRM;D;91.0
2025-04-21;UZ;SRM;E;9.0
2025-04-21;UZ;SRM;F;1.0
2025-04-21;UZ;SRM;G;2.0
2025-04-23;BY;SRM;A;1046.0
2025-04-23;BY;SRM;B;2530.0
2025-04-23;BY;SRM;C;819.0
2025-04-23;BY;SRM;D;231.0
2025-04-23;BY;SRM;E;17.0
2025-04-23;BY;SRM;F;1.0
2025-04-23;UZ;SRM;A;1232.0
2025-04-23;UZ;SRM;B;1753.0
2025-04-23;UZ;SRM;C;397.0
2025-04-23;UZ;SRM;D;129.0
2025-04-23;UZ;SRM;E;16.0
2025-04-23;UZ;SRM;F;1.0
2025-04-23;UZ;SRM;G;1.0
2025-04-25;BY;SRM;A;929.0
2025-04-25;BY;SRM;B;2443.0
2025-04-25;BY;SRM;C;795.0
2025-04-25;BY;SRM;D;199.0
2025-04-25;BY;SRM;E;14.0
2025-04-25;UZ;SRM;A;1354.0
2025-04-25;UZ;SRM;B;1972.0
2025-04-25;UZ;SRM;C;464.0
2025-04-25;UZ;SRM;D;135.0
2025-04-25;UZ;SRM;E;16.0
